StartDate,EndDate,Status,Duplicate?,IP Address Check,IPAddress,Progress,Duration (in seconds),Finished,RecordedDate,ResponseId,RecipientLastName,RecipientFirstName,RecipientEmail,ExternalReference,LocationLatitude,LocationLongitude,DistributionChannel,Q1_1,Q2,Q3,Q4,Q5,Q16,Q7,Q23,Q8,Q30,Q31,Q35,Q23,Q24,Q25,Q26,total_no_tip,total_tip,mTurkCode
2017-04-03 20:05:25,2017-04-03 20:07:15,IP Address,,1,172.112.206.174,100,109,True,2017-04-03 20:07:16,R_2WSb15T3sJB4eOl,,,,,33.710998535156,-118.043800354,anonymous,4,"Friends,Spouse / significant other","Appetizer,Main course","Water,Non-alcoholic beverages",30,,,,,Bottled water,Duck leg braised in the wood oven with Belgian endive and carrot relish: $31,Somewhat unreasonable,Male,18-34,Strongly Agree,20,31,0,45
2017-04-03 20:06:12,2017-04-03 20:07:21,IP Address,,1,158.83.73.130,100,69,True,2017-04-03 20:07:22,R_1nV19ExdMVZseIn,,,,,39.999694824219,-79.898300170898,anonymous,5,Friends,"Appetizer,Main course",Water,15,Bottled water,"Pizza with nettles, red onions, and ricotta: $18",5,Somewhat reasonable,,,,Male,18-34,Strongly Agree,20,0,24.44,75
2017-04-03 20:08:01,2017-04-03 20:09:24,IP Address,,1,68.80.87.12,100,82,True,2017-04-03 20:09:25,R_3eeP02eBfuIZAmZ,,,,,40.070999145508,-75.125099182129,anonymous,5,"Spouse / significant other,Family",Main course,"Water,Non-alcoholic beverages",18,,,,,Bottled water,Egg and spinach fettuccine with wild mushroom ragù and Parmesan: $21,Somewhat reasonable,Male,18-34,Strongly Agree,18,21,0,41
2017-04-03 20:09:31,2017-04-03 20:10:27,IP Address,,1,148.74.8.215,100,55,True,2017-04-03 20:10:27,R_1li4jP0lO0yUIpF,,,,,40.809997558594,-72.849098205566,anonymous,16,Family,Main course,Non-alcoholic beverages,15,,,,,Bottled water,"Pan-fried fish and shellfish cakes with wild arugula, artichokes, and aïoli: $33",Extremely unreasonable,Male,35-49,Strongly Agree,5,33,0,8
2017-04-03 20:08:46,2017-04-03 20:10:27,IP Address,,1,173.90.210.15,100,100,True,2017-04-03 20:10:28,R_50I7jlplii6U5sl,,,,,42.066696166992,-80.166397094727,anonymous,2,Spouse / significant other,Main course,"Water,Beer or cider",30,One of our 5 national brand beers,"Pizza with nettles, red onions, and ricotta: $18",4.32,Somewhat reasonable,,,,Female,18-34,Strongly Agree,25,0,30.24,84
2017-04-03 20:10:11,2017-04-03 20:12:38,IP Address,,1,174.65.7.190,100,146,True,2017-04-03 20:12:38,R_3h6kUYLpppINchW,,,,,32.716995239258,-116.99499511719,anonymous,1,"Spouse / significant other,Family","Main course,Dessert",Non-alcoholic beverages,35,,,,,Bottled water,Duck leg braised in the wood oven with Belgian endive and carrot relish: $31,Somewhat reasonable,Female,18-34,Strongly Agree,20,31,0,2
2017-04-03 20:08:40,2017-04-03 20:12:46,IP Address,,1,76.99.18.131,100,245,True,2017-04-03 20:12:46,R_2vjPNqB6bihtlix,,,,,39.968597412109,-75.176200866699,anonymous,9,Family,"Appetizer,Dessert",Non-alcoholic beverages,15,Bottled water,Egg and spinach fettuccine with wild mushroom ragù and Parmesan: $16,1.1,Somewhat reasonable,,,,Female,35-49,Strongly Agree,15,0,18.38,41
2017-04-03 20:11:25,2017-04-03 20:12:51,IP Address,,1,47.145.72.168,100,85,True,2017-04-03 20:12:51,R_3rqR58zp70f4HPX,,,,,34.426605224609,-117.1450958252,anonymous,4,I eat alone,"Main course,Dessert",Water,20,Bottled water,Egg and spinach fettuccine with wild mushroom ragù and Parmesan: $16,2,Somewhat reasonable,,,,Female,35-49,Strongly Agree,2,0,19.28,9
2017-04-03 20:14:23,2017-04-03 20:15:16,IP Address,,1,68.6.72.241,100,53,True,2017-04-03 20:15:17,R_UEBN7MNTynYzt4t,,,,,34.018402099609,-119.72520446777,anonymous,10,Friends,Main course,Water,15,,,,,Bottled water,Egg and spinach fettuccine with wild mushroom ragù and Parmesan: $21,Somewhat reasonable,Male,18-34,Strongly Agree,15,21,0,31
2017-04-03 20:14:40,2017-04-03 20:17:20,IP Address,,1,72.199.66.86,100,159,True,2017-04-03 20:17:20,R_7VfXlfQOKqvKDoB,,,,,32.636093139648,-117.05319976807,anonymous,7,"Friends,Family,I eat alone","Appetizer,Main course",Non-alcoholic beverages,15,,,,,Bottled water,Egg and spinach fettuccine with wild mushroom ragù and Parmesan: $21,Extremely unreasonable,Male,18-34,Strongly Agree,15,21,0,31
2017-04-03 20:23:46,2017-04-03 20:25:13,IP Address,,1,67.249.199.124,100,86,True,2017-04-03 20:25:13,R_1M5vaKGWiye8LVf,,,,,43.067199707031,-75.637802124023,anonymous,3,Spouse / significant other,Main course,"Water,Non-alcoholic beverages",8,,,,,Bottled water,"Roasted pork loin with sweet potato purée, snap peas, and hazelnut-sage sauce: $26",Somewhat reasonable,Female,18-34,Strongly Agree,15,26,0,52
2017-04-03 20:35:23,2017-04-03 20:37:24,IP Address,,1,122.53.102.50,100,121,True,2017-04-03 20:37:24,R_1o5tM3f5XPNdwwb,,,,,7.0731048583984,125.61279296875,anonymous,3,"Friends,Family","Appetizer,Main course,Dessert","Water,Non-alcoholic beverages",150,Bottled water,"Roasted pork loin with sweet potato purée, snap peas, and hazelnut-sage sauce: $20",2,Extremely reasonable,,,,Male,18-34,Strongly Agree,20,0,23.6,20
2017-04-03 20:54:38,2017-04-03 20:56:40,IP Address,,1,75.141.103.99,100,122,True,2017-04-03 20:56:41,R_3KooAdYWBwIDug6,,,,,33.907104492188,-118.07669830322,anonymous,2,Family,Main course,Water,25,One of our 20 draft craft beers,"Roasted pork loin with sweet potato purée, snap peas, and hazelnut-sage sauce: $20",5,Somewhat reasonable,,,,Female,18-34,Strongly Agree,15,0,35.24,87
2017-04-03 21:17:59,2017-04-03 21:19:04,IP Address,,1,98.219.142.198,100,64,True,2017-04-03 21:19:04,R_3Pt0sNdXrXHURCc,,,,,40.589004516602,-80.327903747559,anonymous,12,"Friends,Family,I eat alone",Main course,"Water,Non-alcoholic beverages",13,,,,,Bottled water,"Pizza with nettles, red onions, and ricotta: $23",Somewhat reasonable,Male,18-34,Strongly Agree,20,23,0,97
2017-04-03 22:00:28,2017-04-03 22:02:53,IP Address,,1,24.4.220.91,100,145,True,2017-04-03 22:02:54,R_1q8wsgvruvjSrxA,,,,,38.116500854492,-122.20909881592,anonymous,1,Spouse / significant other,"Main course,Dessert","Water,Non-alcoholic beverages",15,,,,,Bottled water,"Roasted pork loin with sweet potato purée, snap peas, and hazelnut-sage sauce: $26",Somewhat unreasonable,Female,18-34,Strongly Agree,10,26,0,12
2017-04-03 22:55:13,2017-04-03 22:58:02,IP Address,,1,71.84.91.160,100,168,True,2017-04-03 22:58:03,R_1N99epimg3sEtMr,,,,,34.099502563477,-117.58079528809,anonymous,4,"Friends,Spouse / significant other,Family",Main course,Water,16,,,,,Bottled water,"Pizza with nettles, red onions, and ricotta: $23",Somewhat unreasonable,Female,50-64,Strongly Agree,20,23,0,63
2017-04-03 23:13:31,2017-04-03 23:15:24,IP Address,,1,67.86.167.112,100,112,True,2017-04-03 23:15:24,R_3O2of0DhEIlSEme,,,,,40.644897460938,-73.958297729492,anonymous,2,"Friends,Spouse / significant other,Family","Appetizer,Main course",Water,15,Bottled water,"Pan-fried fish and shellfish cakes with wild arugula, artichokes, and aïoli: $25",5,Neither reasonable nor unreasonable,,,,Female,18-34,Strongly Agree,18,0,32,41
2017-04-03 23:18:48,2017-04-03 23:21:39,IP Address,,1,76.95.124.46,100,171,True,2017-04-03 23:21:40,R_8bQpWopqub1PdHr,,,,,33.660293579102,-117.99919891357,anonymous,8,Family,Main course,Water,15,,,,,Bottled water,"Pizza with nettles, red onions, and ricotta: $23",Somewhat unreasonable,Female,18-34,Strongly Agree,20,23,0,98
2017-04-04 00:58:23,2017-04-04 00:59:45,IP Address,,1,104.237.86.49,100,81,True,2017-04-04 00:59:46,R_2SCVgvAVBfKCpEn,,,,,32.833404541016,-96.793601989746,anonymous,10,Spouse / significant other,Main course,Non-alcoholic beverages,10,,,,,Bottled water,"Pizza with nettles, red onions, and ricotta: $23",Neither reasonable nor unreasonable,Female,35-49,Strongly Agree,5,23,0,47
2017-04-04 01:30:03,2017-04-04 01:33:35,IP Address,,1,139.72.158.28,100,212,True,2017-04-04 01:33:35,R_3HSRrbo9u4OEEdW,,,,,44.880706787109,-93.185203552246,anonymous,12,"Friends,Colleagues,Family","Appetizer,Main course","Water,Non-alcoholic beverages",15,Bottled water,"Pizza with nettles, red onions, and ricotta: $18",2,Somewhat unreasonable,,,,Male,18-34,Strongly Agree,10,0,21.44,63
2017-04-06 15:16:06,2017-04-06 15:17:37,IP Address,,1,76.170.99.180,100,90,True,2017-04-06 15:17:37,R_xFcPDfuuMvgj96N,,,,,34.466094970703,-118.57469940186,anonymous,2,Family,Main course,Water,40,,,,,Bottled water,"Pizza with nettles, red onions, and ricotta: $23",Neither reasonable nor unreasonable,Male,18-34,Strongly Agree,15,23,0,6429035
2017-04-06 19:44:54,2017-04-06 19:47:41,IP Address,,1,66.214.169.213,100,167,True,2017-04-06 19:47:41,R_3yoIYHEyXnc30Ah,,,,,34.089096069336,-118.09239959717,anonymous,15,"Friends,Spouse / significant other",Main course,"Water,Non-alcoholic beverages",20,Bottled water,"Roasted pork loin with sweet potato purée, snap peas, and hazelnut-sage sauce: $20",3,Somewhat unreasonable,,,,Female,35-49,Strongly Agree,20,0,24.6,5891113
2017-04-06 22:04:17,2017-04-06 22:06:06,IP Address,,1,72.69.119.109,100,108,True,2017-04-06 22:06:07,R_1n6l6OytryW33mc,,,,,40.722793579102,-73.516998291016,anonymous,5,Spouse / significant other,"Appetizer,Main course,Dessert","Non-alcoholic beverages,Beer or cider",30,Bottled water,"Pizza with nettles, red onions, and ricotta: $18",5,Extremely reasonable,,,,Female,18-34,Strongly Agree,20,0,24.44,6543334
2017-04-08 13:27:24,2017-04-08 13:28:19,IP Address,,1,73.224.65.241,100,54,True,2017-04-08 13:28:20,R_2z6I1s1UaNspIHv,,,,,30.096603393555,-81.71900177002,anonymous,4,Spouse / significant other,Main course,"Water,Non-alcoholic beverages",15,,,,,Bottled water,Egg and spinach fettuccine with wild mushroom ragù and Parmesan: $21,Somewhat unreasonable,Male,18-34,Strongly Agree,15,21,0,9776696
2017-04-08 13:27:41,2017-04-08 13:28:46,IP Address,,1,98.10.240.105,100,64,True,2017-04-08 13:28:46,R_PvTtkfarN8n45BT,,,,,43.089904785156,-77.637603759766,anonymous,2,Friends,"Appetizer,Main course","Water,Beer or cider",30,,,,,One of our 20 draft craft beers,"Pizza with nettles, red onions, and ricotta: $23",Somewhat reasonable,Male,35-49,Strongly Agree,20,32,0,5846041
2017-04-08 13:33:48,2017-04-08 13:35:21,IP Address,,1,68.81.42.79,100,92,True,2017-04-08 13:35:21,R_3qe8mRdsqPFPLDq,,,,,40.270095825195,-75.403999328613,anonymous,4,Spouse / significant other,Main course,Non-alcoholic beverages,10,,,,,Bottled water,"Roasted pork loin with sweet potato purée, snap peas, and hazelnut-sage sauce: $26",Somewhat unreasonable,Female,50-64,Strongly Agree,20,26,0,9065247
2017-04-08 13:31:57,2017-04-08 13:36:09,IP Address,,1,158.83.72.210,100,252,True,2017-04-08 13:36:10,R_3NBSYDQpH3c3Cst,,,,,39.999694824219,-79.898300170898,anonymous,5,"Friends,Family","Appetizer,Main course",Water,20,Bottled water,"Pizza with nettles, red onions, and ricotta: $18",5,Somewhat reasonable,,,,Male,18-34,Strongly Agree,10,0,24.44,9034532
2017-04-08 13:36:14,2017-04-08 13:37:49,IP Address,,1,71.31.91.146,100,94,True,2017-04-08 13:37:49,R_2ydXxaAsyVcZjxw,,,,,41.38639831543,-81.30419921875,anonymous,9,"Friends,I eat alone",Main course,Water,12,,,,,Bottled water,Egg and spinach fettuccine with wild mushroom ragù and Parmesan: $21,Somewhat unreasonable,Female,35-49,Strongly Agree,20,21,0,8732740
2017-04-08 13:37:44,2017-04-08 13:41:03,IP Address,,1,208.58.104.140,100,199,True,2017-04-08 13:41:04,R_2ZP9wUqWu02tFYg,,,,,39.875106811523,-75.321403503418,anonymous,4,Family,"Appetizer,Main course,Dessert","Water,Non-alcoholic beverages",15,Bottled water,Egg and spinach fettuccine with wild mushroom ragù and Parmesan: $16,8,Extremely reasonable,,,,Male,50-64,Strongly Agree,15,0,25.28,1571647
2017-04-08 13:40:39,2017-04-08 13:43:13,IP Address,,1,69.207.57.101,100,153,True,2017-04-08 13:43:14,R_2QQcCEmeq6KFmBJ,,,,,43.010894775391,-78.957397460938,anonymous,3,"Spouse / significant other,Family","Appetizer,Main course","Wine,Cocktails / mixed drinks",25,Red or white wine (from the wine list),"Pizza with nettles, red onions, and ricotta: $18",7,Somewhat unreasonable,,,,Female,35-49,Strongly Agree,20,0,38.32,7373259
2017-04-08 13:54:27,2017-04-08 13:56:15,IP Address,,1,74.109.2.35,100,107,True,2017-04-08 13:56:15,R_1nN1kPPsmeA7g45,,,,,40.124603271484,-75.538497924805,anonymous,6,Spouse / significant other,"Main course,Dessert","Water,Wine,Beer or cider,Cocktails / mixed drinks",25,,,,,One of our 20 draft craft beers,"Pizza with nettles, red onions, and ricotta: $23",Somewhat unreasonable,Female,50-64,Strongly Agree,18,32,0,910249
2017-04-08 13:55:15,2017-04-08 13:56:51,IP Address,,1,24.3.147.179,100,96,True,2017-04-08 13:56:51,R_3j1WewPIP6u7pmN,,,,,40.506805419922,-79.953598022461,anonymous,12,"Friends,Spouse / significant other,Family","Appetizer,Main course","Non-alcoholic beverages,Beer or cider",30,,,,,One of our 5 national brand beers,"Roasted pork loin with sweet potato purée, snap peas, and hazelnut-sage sauce: $26",Somewhat reasonable,Male,18-34,Strongly Agree,20,33,0,8316433
2017-04-08 13:55:51,2017-04-08 13:57:46,IP Address,,1,75.115.4.216,100,115,True,2017-04-08 13:57:47,R_2AFmT6Fegudhz0P,,,,,28.08219909668,-82.523902893066,anonymous,4,"Friends,Family","Appetizer,Main course,Dessert","Water,Non-alcoholic beverages,Cocktails / mixed drinks",22,One of our 20 draft craft beers,"Roasted pork loin with sweet potato purée, snap peas, and hazelnut-sage sauce: $20",4,Somewhat reasonable,,,,Female,18-34,Strongly Agree,6,0,34.24,5900452
2017-04-08 14:06:45,2017-04-08 14:08:22,IP Address,,1,45.30.24.144,100,97,True,2017-04-08 14:08:23,R_248jSD7DtzcSgdu,,,,,37.931900024414,-121.69580078125,anonymous,4,"Spouse / significant other,Family",Main course,Water,15,,,,,Bottled water,Egg and spinach fettuccine with wild mushroom ragù and Parmesan: $21,Somewhat unreasonable,Female,35-49,Strongly Agree,20,21,0,4524281
2017-04-08 14:11:50,2017-04-08 14:16:22,IP Address,,1,47.20.252.214,100,271,True,2017-04-08 14:16:22,R_Usy11HGK0Pihesp,,,,,40.620101928711,-73.986801147461,anonymous,10,"Friends,Family","Appetizer,Main course,Dessert","Water,Beer or cider,Cocktails / mixed drinks",25,,,,,One of our 5 national brand beers,"Pizza with nettles, red onions, and ricotta: $23",Somewhat unreasonable,Female,18-34,Strongly Agree,17,30,0,8033920
2017-04-08 14:21:31,2017-04-08 14:23:45,IP Address,,1,148.74.14.122,100,133,True,2017-04-08 14:23:46,R_2fm9HrbICyJpUtG,,,,,41.321792602539,-74.200798034668,anonymous,3,"Friends,Spouse / significant other","Appetizer,Main course,Dessert",Non-alcoholic beverages,60,Bottled water,"Pan-fried fish and shellfish cakes with wild arugula, artichokes, and aïoli: $25",3,Extremely reasonable,,,,Female,18-34,Strongly Agree,10,0,30,4148364
2017-04-08 14:39:23,2017-04-08 14:40:59,IP Address,,1,74.74.105.152,100,95,True,2017-04-08 14:40:59,R_1M56gw10ItSPiGe,,,,,42.104507446289,-79.251998901367,anonymous,1,Family,Main course,Non-alcoholic beverages,12,,,,,One of our 5 national brand beers,"Pizza with nettles, red onions, and ricotta: $23",Neither reasonable nor unreasonable,Female,35-49,Strongly Agree,15,30,0,8951466
2017-04-08 14:50:08,2017-04-08 14:51:15,IP Address,,1,98.111.230.90,100,66,True,2017-04-08 14:51:16,R_12tFVZGRm6qGNWx,,,,,40.423492431641,-79.758796691895,anonymous,7,"Friends,Family","Main course,Dessert","Water,Non-alcoholic beverages",20,Bottled water,"Roasted pork loin with sweet potato purée, snap peas, and hazelnut-sage sauce: $20",4,Extremely reasonable,,,,Male,35-49,Strongly Agree,20,0,25.6,99147
2017-04-08 15:09:15,2017-04-08 15:11:02,IP Address,,1,97.84.69.195,100,106,True,2017-04-08 15:11:03,R_difq1OOeUgTQ0XT,,,,,37.069198608398,-121.55670166016,anonymous,5,"Friends,Family","Appetizer,Main course",Non-alcoholic beverages,9,,,,,Signature cocktail,"Pizza with nettles, red onions, and ricotta: $23",Somewhat reasonable,Female,18-34,Strongly Agree,20,37,0,8960715
2017-04-08 15:36:31,2017-04-08 15:39:51,IP Address,,1,104.34.108.179,100,199,True,2017-04-08 15:39:51,R_1NxlBZxPh3ZpgeX,,,,,34.281005859375,-118.55770111084,anonymous,4,"Friends,Spouse / significant other,Family","Main course,Dessert","Water,Non-alcoholic beverages",30,,,,,Bottled water,Duck leg braised in the wood oven with Belgian endive and carrot relish: $31,Somewhat unreasonable,Female,35-49,Strongly Agree,15,31,0,3438782
2017-04-08 15:56:47,2017-04-08 15:58:22,IP Address,,1,71.230.37.237,100,94,True,2017-04-08 15:58:22,R_3EB7S1Xa058koxJ,,,,,39.985305786133,-75.436698913574,anonymous,10,Spouse / significant other,"Appetizer,Main course,Dessert","Water,Non-alcoholic beverages",40,Bottled water,"Pizza with nettles, red onions, and ricotta: $18",5,Extremely reasonable,,,,Female,35-49,Strongly Agree,15,0,24.44,2865050
2017-04-08 16:08:41,2017-04-08 16:10:22,IP Address,,1,47.150.65.25,100,101,True,2017-04-08 16:10:23,R_1jVOvDxXJwjSYHx,,,,,34.213302612305,-118.88000488281,anonymous,6,"Friends,Spouse / significant other,Family",Main course,Water,15,Bottled water,"Pan-fried fish and shellfish cakes with wild arugula, artichokes, and aïoli: $25",4,Somewhat reasonable,,,,Male,18-34,Strongly Agree,15,0,31,934315
2017-04-08 16:38:58,2017-04-08 16:40:12,IP Address,,1,104.228.143.186,100,73,True,2017-04-08 16:40:12,R_2w6MU0XfTHEOyUt,,,,,42.926406860352,-78.747901916504,anonymous,4,"Friends,Family,I eat alone",Main course,"Water,Beer or cider",20,,,,,One of our 5 national brand beers,Duck leg braised in the wood oven with Belgian endive and carrot relish: $31,Somewhat unreasonable,Male,18-34,Strongly Agree,20,38,0,1669426
2017-04-08 16:44:04,2017-04-08 16:44:55,IP Address,,1,24.165.155.59,100,51,True,2017-04-08 16:44:55,R_2qEkQgzzTIWqDPI,,,,,42.106704711914,-80.107902526855,anonymous,6,"Friends,Spouse / significant other,Family","Appetizer,Main course","Water,Wine",56,One of our 20 draft craft beers,Egg and spinach fettuccine with wild mushroom ragù and Parmesan: $16,5.5,Somewhat reasonable,,,,Female,18-34,Strongly Agree,10,0,31.42,222992
2017-04-08 17:53:42,2017-04-08 17:55:26,IP Address,,1,216.155.144.251,100,104,True,2017-04-08 17:55:27,R_xFx2GLgfGdcZwn7,,,,,40.465194702148,-74.230697631836,anonymous,10,"Friends,Spouse / significant other",Main course,"Water,Cocktails / mixed drinks",35,,,,,Signature cocktail,"Pizza with nettles, red onions, and ricotta: $23",Somewhat reasonable,Male,18-34,Strongly Agree,20,37,0,849862
2017-04-08 18:08:32,2017-04-08 18:09:53,IP Address,,1,74.72.217.190,100,80,True,2017-04-08 18:09:53,R_XOfDYjVWfnVlyx3,,,,,40.776901245117,-73.981300354004,anonymous,20,"Friends,Spouse / significant other","Appetizer,Main course,Dessert","Water,Non-alcoholic beverages",30,Bottled water,"Roasted pork loin with sweet potato purée, snap peas, and hazelnut-sage sauce: $20",5,Somewhat reasonable,,,,Male,18-34,Strongly Agree,20,0,26.6,3371985
2017-04-08 18:32:36,2017-04-08 18:34:16,IP Address,,1,70.209.130.176,100,100,True,2017-04-08 18:34:17,R_2sdqlyDCSn3OtXU,,,,,42.862503051758,-75.174697875977,anonymous,6,Spouse / significant other,Main course,Non-alcoholic beverages,15,,,,,Bottled water,Egg and spinach fettuccine with wild mushroom ragù and Parmesan: $21,Somewhat reasonable,Male,35-49,Strongly Agree,15,21,0,5057567
2017-04-08 18:34:04,2017-04-08 18:35:04,IP Address,,1,172.56.23.92,100,59,True,2017-04-08 18:35:05,R_2qzapQllL18wa2b,,,,,42.323303222656,-71.435203552246,anonymous,9,"Colleagues,Family",Appetizer,"Water,Wine,Beer or cider",45,One of our 20 draft craft beers,"Pan-fried fish and shellfish cakes with wild arugula, artichokes, and aïoli: $25",5,Extremely reasonable,,,,Male,18-34,Strongly Agree,8,0,40.64,2123427
2017-04-08 18:57:29,2017-04-08 19:00:28,IP Address,,1,47.148.240.217,100,178,True,2017-04-08 19:00:28,R_24r5OHWiwuVKtEK,,,,,33.781799316406,-117.33169555664,anonymous,6,I eat alone,"Appetizer,Main course,Dessert",Non-alcoholic beverages,10,,,,,Bottled water,"Pizza with nettles, red onions, and ricotta: $23",Extremely unreasonable,Male,18-34,Strongly Agree,0,23,0,202067
2017-04-08 18:57:52,2017-04-08 19:00:35,IP Address,,1,50.49.213.108,100,163,True,2017-04-08 19:00:35,R_2rw1Ib1mjNyQTlc,,,,,41.558898925781,-74.148101806641,anonymous,1,Family,"Main course,Dessert",Non-alcoholic beverages,20,Bottled water,Egg and spinach fettuccine with wild mushroom ragù and Parmesan: $16,2.5,Somewhat unreasonable,,,,Female,35-49,Strongly Agree,15,0,19.78,9989227
2017-04-08 19:02:02,2017-04-08 19:03:25,IP Address,,1,174.134.80.35,100,82,True,2017-04-08 19:03:25,R_U9KTA9zuvhy2rG9,,,,,35.345596313477,-119.07559967041,anonymous,10,Spouse / significant other,Main course,Water,27,,,,,Bottled water,"Pan-fried fish and shellfish cakes with wild arugula, artichokes, and aïoli: $33",Somewhat reasonable,Male,18-34,Strongly Agree,14,33,0,458676
2017-04-08 19:16:46,2017-04-08 19:17:54,IP Address,,1,50.184.97.26,100,68,True,2017-04-08 19:17:55,R_1eysM3ow7HMBZ7m,,,,,37.674499511719,-122.0883026123,anonymous,15,"Friends,I eat alone",Main course,"Non-alcoholic beverages,Beer or cider",15,Bottled water,"Pizza with nettles, red onions, and ricotta: $18",3.5,Somewhat reasonable,,,,Male,18-34,Strongly Agree,18,0,22.94,6671389
2017-04-08 20:21:39,2017-04-08 20:23:19,IP Address,,1,74.88.18.175,100,99,True,2017-04-08 20:23:19,R_1N3P4KJWO4ieNf8,,,,,40.873199462891,-73.081199645996,anonymous,6,Friends,"Appetizer,Main course,Dessert",Non-alcoholic beverages,40,,,,,One of our 20 draft craft beers,"Roasted pork loin with sweet potato purée, snap peas, and hazelnut-sage sauce: $26",Extremely reasonable,Male,18-34,Strongly Agree,25,35,0,5539182
2017-04-08 20:45:22,2017-04-08 20:47:47,IP Address,,1,76.89.227.18,100,145,True,2017-04-08 20:47:48,R_1OHJhWpckeqBsjy,,,,,33.957107543945,-118.40409851074,anonymous,2,"Friends,Spouse / significant other,Colleagues","Appetizer,Main course,Dessert","Water,Wine",10,,,,,Red or white wine (from the wine list),"Pan-fried fish and shellfish cakes with wild arugula, artichokes, and aïoli: $33",Somewhat unreasonable,Female,35-49,Strongly Agree,5,45,0,9663851
2017-04-08 20:46:58,2017-04-08 20:51:01,IP Address,,1,108.185.185.234,100,243,True,2017-04-08 20:51:02,R_1mPZrnZdik1JV01,,,,,34.19059753418,-118.76370239258,anonymous,4,"Family,I eat alone",Main course,Water,13,Bottled water,"Pizza with nettles, red onions, and ricotta: $18",3,Extremely unreasonable,,,,Male,18-34,Strongly Agree,15,0,22.44,8764947
2017-04-08 22:12:49,2017-04-08 22:14:19,IP Address,,1,207.244.89.106,100,89,True,2017-04-08 22:14:19,R_VPZtT3u8GJQkItr,,,,,38.770095825195,-77.632102966309,anonymous,4,"Friends,Spouse / significant other",Main course,"Water,Wine,Cocktails / mixed drinks",50,,,,,Red or white wine (from the wine list),"Pizza with nettles, red onions, and ricotta: $23",Extremely reasonable,Female,35-49,Strongly Agree,16,35,0,3837444
2017-04-08 23:27:39,2017-04-08 23:29:36,IP Address,,1,112.206.132.76,100,117,True,2017-04-08 23:29:37,R_3LdU1pWLrLL0hSa,,,,,14.253005981445,121.63739013672,anonymous,20,"Friends,Spouse / significant other,Family","Main course,Dessert","Water,Non-alcoholic beverages,Cocktails / mixed drinks",15,Bottled water,"Pan-fried fish and shellfish cakes with wild arugula, artichokes, and aïoli: $25",4,Extremely unreasonable,,,,Male,18-34,Strongly Agree,15,0,31,9663214
2017-04-08 23:33:40,2017-04-08 23:37:52,IP Address,,1,112.198.118.166,100,252,True,2017-04-08 23:37:53,R_3il2J2MORx18Pke,,,,,14.595504760742,120.97210693359,anonymous,5,Spouse / significant other,"Appetizer,Main course,Dessert","Water,Non-alcoholic beverages,Beer or cider,Cocktails / mixed drinks",50,,,,,One of our 5 national brand beers,"Pizza with nettles, red onions, and ricotta: $23",Somewhat reasonable,Male,18-34,Strongly Agree,15,30,0,6512167
2017-04-09 00:15:21,2017-04-09 00:17:12,IP Address,,1,188.210.5.33,100,110,True,2017-04-09 00:17:12,R_1FssYsADc28Gfku,,,,,0,0,anonymous,1,Spouse / significant other,"Appetizer,Main course","Non-alcoholic beverages,Beer or cider",30,One of our 5 national brand beers,"Roasted pork loin with sweet potato purée, snap peas, and hazelnut-sage sauce: $20",5,Somewhat reasonable,,,,Male,35-49,Strongly Agree,20,0,33.08,962739
2017-04-09 02:00:26,2017-04-09 02:03:01,IP Address,,1,207.62.144.209,100,154,True,2017-04-09 02:03:01,R_eVyhANtq5I9zqb7,,,,,36.679901123047,-121.78970336914,anonymous,2,"Friends,Family,I eat alone","Main course,Dessert",Water,16,,,,,Bottled water,"Pan-fried fish and shellfish cakes with wild arugula, artichokes, and aïoli: $33",Neither reasonable nor unreasonable,Female,18-34,Strongly Agree,10,33,0,4298184
2017-04-09 02:40:01,2017-04-09 02:43:04,IP Address,,1,108.204.116.36,100,182,True,2017-04-09 02:43:05,R_3DhwId01rw8befC,,,,,33.735794067383,-118.29229736328,anonymous,5,Friends,Main course,"Water,Non-alcoholic beverages,Beer or cider,Cocktails / mixed drinks",20,Bottled water,"Roasted pork loin with sweet potato purée, snap peas, and hazelnut-sage sauce: $20",3,Somewhat unreasonable,,,,Female,18-34,Strongly Agree,15,0,24.6,5683861
2017-04-09 02:54:27,2017-04-09 02:58:13,IP Address,,1,176.105.171.175,100,225,True,2017-04-09 02:58:13,R_1gwppxLihnrglyv,,,,,50.449996948242,30.523300170898,anonymous,5,"Friends,Colleagues",Main course,Water,50,,,,,Bottled water,"Roasted pork loin with sweet potato purée, snap peas, and hazelnut-sage sauce: $26",Extremely reasonable,Male,18-34,Strongly Agree,10,26,0,1684469
2017-04-09 03:26:41,2017-04-09 03:30:34,IP Address,,1,172.2.146.225,100,233,True,2017-04-09 03:30:34,R_1psdfKp5OyIkaEr,,,,,37.236206054688,-121.82890319824,anonymous,2,Family,"Appetizer,Main course,Dessert","Water,Non-alcoholic beverages",25,Bottled water,Egg and spinach fettuccine with wild mushroom ragù and Parmesan: $16,4,Somewhat reasonable,,,,Female,50-64,Strongly Agree,20,0,21.28,7117217
2017-04-09 05:48:55,2017-04-09 05:51:03,IP Address,,1,68.114.66.51,100,127,True,2017-04-09 05:51:03,R_RmoU3P9psYvOxLb,,,,,44.745407104492,-73.462799072266,anonymous,4,"Spouse / significant other,Family",Main course,"Water,Non-alcoholic beverages",25,Bottled water,"Pizza with nettles, red onions, and ricotta: $18",3.6,Somewhat reasonable,,,,Male,18-34,Strongly Agree,20,0,23.04,4809762
2017-04-09 06:32:59,2017-04-09 06:34:44,IP Address,,1,108.46.76.91,100,105,True,2017-04-09 06:34:45,R_3KOaXJEVjlXATEw,,,,,40.602401733398,-73.763702392578,anonymous,5,"Friends,Family","Appetizer,Main course","Non-alcoholic beverages,Wine,Cocktails / mixed drinks",30,,,,,One of our 20 draft craft beers,Duck leg braised in the wood oven with Belgian endive and carrot relish: $31,Somewhat reasonable,Male,18-34,Strongly Agree,5,40,0,6707219
2017-04-09 07:23:27,2017-04-09 07:27:39,IP Address,,1,98.10.53.167,100,251,True,2017-04-09 07:27:39,R_3sceKkcq5g5Cp4M,,,,,43.089904785156,-77.637603759766,anonymous,13,I eat alone,Main course,Non-alcoholic beverages,75,One of our 5 national brand beers,"Pizza with nettles, red onions, and ricotta: $18",5,Extremely reasonable,,,,Male,18-34,Strongly Agree,25,0,30.92,3633820
2017-04-09 07:49:46,2017-04-09 07:51:41,IP Address,,1,71.236.64.87,100,114,True,2017-04-09 07:51:41,R_10HLUR4P8uTNegZ,,,,,40.499801635742,-80.184196472168,anonymous,5,"Spouse / significant other,Family",Main course,"Water,Non-alcoholic beverages",15,,,,,Bottled water,"Pizza with nettles, red onions, and ricotta: $23",Somewhat unreasonable,Female,35-49,Strongly Agree,10,23,0,3113663
2017-04-09 08:13:14,2017-04-09 08:14:31,IP Address,,1,108.32.65.93,100,76,True,2017-04-09 08:14:31,R_1IWrogNIOZy0vzU,,,,,40.460494995117,-80.285797119141,anonymous,6,Family,"Appetizer,Main course","Water,Non-alcoholic beverages",15,Bottled water,"Pizza with nettles, red onions, and ricotta: $18",4,Neither reasonable nor unreasonable,,,,Male,18-34,Strongly Agree,20,0,23.44,7820404
2017-04-09 08:20:07,2017-04-09 08:20:59,IP Address,,1,71.58.245.18,100,52,True,2017-04-09 08:21:00,R_30bCMWuN4hWI4cz,,,,,40.797500610352,-77.902099609375,anonymous,8,Family,"Appetizer,Main course",Beer or cider,60,,,,,One of our 20 draft craft beers,"Pizza with nettles, red onions, and ricotta: $23",Somewhat reasonable,Male,35-49,Strongly Agree,15,32,0,6191024
2017-04-09 08:42:29,2017-04-09 08:44:04,IP Address,,1,174.60.201.41,100,94,True,2017-04-09 08:44:04,R_3LaHxh59G0uJA9h,,,,,41.384994506836,-75.646102905273,anonymous,2,Spouse / significant other,Main course,"Non-alcoholic beverages,Cocktails / mixed drinks",15,,,,,Bottled water,"Pizza with nettles, red onions, and ricotta: $23",Neither reasonable nor unreasonable,Female,35-49,Strongly Agree,15,23,0,6496535
2017-04-09 09:08:31,2017-04-09 09:10:27,IP Address,,1,68.197.88.233,100,116,True,2017-04-09 09:10:27,R_1mydZbVSVVjqllQ,,,,,40.675994873047,-73.962898254395,anonymous,3,"Spouse / significant other,Family",Main course,Non-alcoholic beverages,15,Bottled water,"Pizza with nettles, red onions, and ricotta: $18",3,Somewhat unreasonable,,,,Male,18-34,Strongly Agree,5,0,22.44,5504300
2017-04-09 09:19:56,2017-04-09 09:21:11,IP Address,,1,67.163.151.156,100,75,True,2017-04-09 09:21:11,R_eWYmGtyDGWpcHg9,,,,,40.443893432617,-79.956100463867,anonymous,4,Family,"Appetizer,Main course","Water,Beer or cider",25,,,,,One of our 20 draft craft beers,"Pizza with nettles, red onions, and ricotta: $23",Somewhat reasonable,Female,18-34,Strongly Agree,15,32,0,8550770
2017-04-09 10:07:26,2017-04-09 10:08:35,IP Address,,1,47.144.128.191,100,69,True,2017-04-09 10:08:35,R_21yq9HrzkQCeU8j,,,,,33.874298095703,-118.37210083008,anonymous,2,Spouse / significant other,Main course,Water,15,Bottled water,Egg and spinach fettuccine with wild mushroom ragù and Parmesan: $16,3.5,Somewhat reasonable,,,,Male,18-34,Strongly Agree,20,0,20.78,4812
2017-04-09 10:42:23,2017-04-09 10:44:56,IP Address,,1,184.153.98.122,100,152,True,2017-04-09 10:44:56,R_1erhwkMmCjQtezB,,,,,40.761093139648,-73.931900024414,anonymous,6,"Friends,Family",Main course,Non-alcoholic beverages,40,Bottled water,"Roasted pork loin with sweet potato purée, snap peas, and hazelnut-sage sauce: $20",3,Neither reasonable nor unreasonable,,,,Male,35-49,Strongly Agree,18,0,24.6,523883
2017-04-09 11:13:55,2017-04-09 11:16:06,IP Address,,1,70.187.151.183,100,131,True,2017-04-09 11:16:07,R_2Ec2ZwCYXIU5kdo,,,,,33.645095825195,-117.67860412598,anonymous,7,Family,Main course,Non-alcoholic beverages,10,Bottled water,Egg and spinach fettuccine with wild mushroom ragù and Parmesan: $16,4,Somewhat reasonable,,,,Female,18-34,Strongly Agree,10,0,21.28,1599686
2017-04-09 11:25:32,2017-04-09 11:27:22,IP Address,,1,75.61.69.197,100,110,True,2017-04-09 11:27:23,R_1OjmybGAglFiWDO,,,,,37.834197998047,-122.28970336914,anonymous,18,Spouse / significant other,Main course,"Water,Non-alcoholic beverages",18,,,,,Bottled water,"Roasted pork loin with sweet potato purée, snap peas, and hazelnut-sage sauce: $26",Extremely reasonable,Female,50-64,Strongly Agree,20,26,0,1418221
2017-04-09 12:01:47,2017-04-09 12:03:24,IP Address,,1,108.213.77.190,100,97,True,2017-04-09 12:03:24,R_3FVXOLLsk6A3CVT,,,,,38.482894897461,-121.63980102539,anonymous,4,Spouse / significant other,Main course,Water,15,Bottled water,Egg and spinach fettuccine with wild mushroom ragù and Parmesan: $16,3.2,Extremely reasonable,,,,Female,50-64,Strongly Agree,20,0,20.48,5914936
2017-04-09 12:11:09,2017-04-09 12:12:56,IP Address,,1,173.59.16.163,100,106,True,2017-04-09 12:12:56,R_2DUkV6bjE01lLhG,,,,,39.968307495117,-75.826698303223,anonymous,4,Family,"Appetizer,Main course","Water,Non-alcoholic beverages",20,,,,,Bottled water,Duck leg braised in the wood oven with Belgian endive and carrot relish: $31,Extremely reasonable,Female,50-64,Strongly Agree,15,31,0,8388314
2017-04-09 12:22:27,2017-04-09 12:26:25,IP Address,,1,69.236.65.58,100,238,True,2017-04-09 12:26:26,R_1es2uDcypSKc5v4,,,,,37.892700195312,-122.19779968262,anonymous,8,"Friends,Family",Main course,Water,30,Bottled water,"Pan-fried fish and shellfish cakes with wild arugula, artichokes, and aïoli: $25",6,Extremely reasonable,,,,Female,35-49,Strongly Agree,20,0,33,808314
2017-04-09 13:10:56,2017-04-09 13:12:28,IP Address,,1,24.45.155.43,100,92,True,2017-04-09 13:12:29,R_TgSllp661ZAo2FX,,,,,40.831405639648,-72.975799560547,anonymous,4,"Spouse / significant other,Family","Appetizer,Main course",Non-alcoholic beverages,25,,,,,Bottled water,"Pizza with nettles, red onions, and ricotta: $23",Extremely reasonable,Female,35-49,Strongly Agree,15,23,0,7288392
2017-04-09 14:30:42,2017-04-09 14:33:32,IP Address,,1,108.185.151.105,100,169,True,2017-04-09 14:33:32,R_1OI8c3M6iiYEzvC,,,,,34.054397583008,-118.2440032959,anonymous,1,Family,Main course,Non-alcoholic beverages,12,,,,,Bottled water,Egg and spinach fettuccine with wild mushroom ragù and Parmesan: $21,Neither reasonable nor unreasonable,Female,35-49,Strongly Agree,18,21,0,420592
2017-04-09 15:41:55,2017-04-09 15:43:28,IP Address,,1,98.5.63.231,100,92,True,2017-04-09 15:43:29,R_1KwG8qFtRVeag20,,,,,42.935592651367,-78.806602478027,anonymous,10,"Friends,Spouse / significant other,Colleagues,Family,I eat alone",Main course,Non-alcoholic beverages,10,Red or white wine (from the wine list),Egg and spinach fettuccine with wild mushroom ragù and Parmesan: $16,7,Extremely reasonable,,,,Male,18-34,Strongly Agree,20,0,36.16,9440104
2017-04-09 16:05:20,2017-04-09 16:07:30,IP Address,,1,24.194.128.230,100,129,True,2017-04-09 16:07:30,R_Y04kaIL6EOHSRQB,,,,,43.093795776367,-74.115898132324,anonymous,6,Family,"Appetizer,Main course","Water,Non-alcoholic beverages",55,,,,,Bottled water,"Pizza with nettles, red onions, and ricotta: $23",Extremely reasonable,Male,18-34,Strongly Agree,20,23,0,7066051
2017-04-09 16:30:22,2017-04-09 16:31:36,IP Address,,1,108.75.131.11,100,73,True,2017-04-09 16:31:36,R_1ILBElcCAu3cV0W,,,,,32.783798217773,-117.01789855957,anonymous,4,"Friends,Family,I eat alone",Main course,Water,20,Bottled water,"Roasted pork loin with sweet potato purée, snap peas, and hazelnut-sage sauce: $20",4,Somewhat reasonable,,,,Male,35-49,Strongly Agree,15,0,25.6,8809222
2017-04-09 18:14:25,2017-04-09 18:15:55,IP Address,,1,67.249.25.90,100,90,True,2017-04-09 18:15:55,R_Q0NH7MLP1gqlf9L,,,,,44.660903930664,-74.925796508789,anonymous,5,"Friends,I eat alone","Main course,Dessert","Non-alcoholic beverages,Cocktails / mixed drinks",20,Signature cocktail,"Pan-fried fish and shellfish cakes with wild arugula, artichokes, and aïoli: $25",10,Somewhat reasonable,,,,Female,18-34,Strongly Agree,15,0,49.96,331145
2017-04-09 18:27:20,2017-04-09 18:28:50,IP Address,,1,172.56.26.214,100,90,True,2017-04-09 18:28:51,R_3qBTdcFOTple1XT,,,,,28.661605834961,-81.311996459961,anonymous,6,"Spouse / significant other,I eat alone","Appetizer,Main course","Wine,Cocktails / mixed drinks",30,,,,,Red or white wine (from the wine list),Duck leg braised in the wood oven with Belgian endive and carrot relish: $31,Somewhat reasonable,Female,18-34,Strongly Agree,20,43,0,4301274
2017-04-09 18:45:08,2017-04-09 18:47:01,IP Address,,1,76.102.35.184,100,112,True,2017-04-09 18:47:01,R_27qXsWwXxnMVet2,,,,,37.374404907227,-121.75820159912,anonymous,5,"Friends,Family","Appetizer,Main course","Water,Non-alcoholic beverages,Beer or cider",12,,,,,Bottled water,"Roasted pork loin with sweet potato purée, snap peas, and hazelnut-sage sauce: $26",Somewhat reasonable,Male,18-34,Strongly Agree,15,26,0,8999800
2017-04-09 18:51:31,2017-04-09 18:53:20,IP Address,,1,23.243.170.69,100,108,True,2017-04-09 18:53:21,R_3hhIxGF5mquLpVL,,,,,33.921600341797,-118.24530029297,anonymous,3,"Friends,Spouse / significant other,Family",Main course,Water,20,Bottled water,"Pizza with nettles, red onions, and ricotta: $18",3,Somewhat reasonable,,,,Male,35-49,Strongly Agree,15,0,22.44,5306523
2017-04-09 18:59:39,2017-04-09 19:01:03,IP Address,,1,24.104.239.21,100,83,True,2017-04-09 19:01:03,R_1FQH7Fz7I7lYkRp,,,,,40.698303222656,-73.888000488281,anonymous,4,Friends,"Appetizer,Main course","Water,Non-alcoholic beverages",30,Bottled water,"Roasted pork loin with sweet potato purée, snap peas, and hazelnut-sage sauce: $20",3,Somewhat reasonable,,,,Male,18-34,Strongly Agree,20,0,24.6,6985872
2017-04-09 20:49:17,2017-04-09 20:51:04,IP Address,,1,198.27.220.219,100,106,True,2017-04-09 20:51:04,R_5tdi6SFPcR0QgjT,,,,,37.777206420898,-122.49310302734,anonymous,12,"Friends,Spouse / significant other,Family",Main course,Water,40,Bottled water,"Pan-fried fish and shellfish cakes with wild arugula, artichokes, and aïoli: $25",5,Somewhat reasonable,,,,Female,35-49,Strongly Agree,20,0,32,6322055
2017-04-09 21:07:20,2017-04-09 21:08:15,IP Address,,1,67.246.89.139,100,54,True,2017-04-09 21:08:15,R_1Qh1LSXlAdIHY2n,,,,,43.348007202148,-76.34220123291,anonymous,3,"Friends,Family","Appetizer,Main course",Non-alcoholic beverages,25,,,,,Bottled water,Duck leg braised in the wood oven with Belgian endive and carrot relish: $31,Somewhat reasonable,Male,18-34,Strongly Agree,25,31,0,322741
2017-04-09 21:07:04,2017-04-09 21:09:40,IP Address,,1,50.132.11.177,100,155,True,2017-04-09 21:09:42,R_Di7pbh7WxrK1G81,,,,,47.252899169922,-122.44430541992,anonymous,15,"Friends,Spouse / significant other,Family,I eat alone",Main course,"Water,Cocktails / mixed drinks",18,Bottled water,Duck leg braised in the wood oven with Belgian endive and carrot relish: $24,3,Somewhat reasonable,,,,Female,18-34,Strongly Agree,15,0,28.92,9748303
2017-04-09 21:18:39,2017-04-09 21:20:27,IP Address,,1,108.217.225.51,100,107,True,2017-04-09 21:20:27,R_12o61QBICtZBgJd,,,,,37.507904052734,-121.95989990234,anonymous,2,"Friends,I eat alone",Main course,Water,15,,,,,Bottled water,"Roasted pork loin with sweet potato purée, snap peas, and hazelnut-sage sauce: $26",Extremely unreasonable,Male,35-49,Strongly Agree,15,26,0,5294855
2017-04-09 21:29:43,2017-04-09 21:31:08,IP Address,,1,68.172.215.207,100,84,True,2017-04-09 21:31:08,R_2RRparhPum1edvJ,,,,,41.448699951172,-74.46900177002,anonymous,2,"Spouse / significant other,Family","Appetizer,Main course",Water,25,,,,,Bottled water,"Roasted pork loin with sweet potato purée, snap peas, and hazelnut-sage sauce: $26",Neither reasonable nor unreasonable,Male,35-49,Strongly Agree,20,26,0,6339945
2017-04-09 21:33:56,2017-04-09 21:35:23,IP Address,,1,172.90.219.180,100,87,True,2017-04-09 21:35:24,R_6Eg72VRMeJbW2LD,,,,,33.912902832031,-118.34390258789,anonymous,3,Spouse / significant other,"Appetizer,Main course","Water,Non-alcoholic beverages",15,Bottled water,Egg and spinach fettuccine with wild mushroom ragù and Parmesan: $16,3.5,Somewhat reasonable,,,,Female,18-34,Strongly Agree,20,0,20.78,7749924
2017-04-09 22:42:12,2017-04-09 22:43:07,IP Address,,1,67.85.106.229,100,55,True,2017-04-09 22:43:08,R_2fqv17p1VtT4dOb,,,,,40.644897460938,-73.958297729492,anonymous,7,"Friends,Colleagues,Family","Appetizer,Main course",Water,25,,,,,One of our 20 draft craft beers,"Pizza with nettles, red onions, and ricotta: $23",Neither reasonable nor unreasonable,Male,18-34,Strongly Agree,15,32,0,7650665
2017-04-09 23:17:51,2017-04-09 23:19:26,IP Address,,1,72.23.189.173,100,95,True,2017-04-09 23:19:27,R_2S1Ou6aLUgHHMaG,,,,,40.709701538086,-80.10489654541,anonymous,4,"Friends,I eat alone","Appetizer,Main course","Non-alcoholic beverages,Beer or cider",25,One of our 20 draft craft beers,"Roasted pork loin with sweet potato purée, snap peas, and hazelnut-sage sauce: $20",4.5,Neither reasonable nor unreasonable,,,,Male,35-49,Strongly Agree,15,0,34.74,7310122
2017-04-09 23:56:36,2017-04-09 23:57:57,IP Address,,1,68.194.212.126,100,80,True,2017-04-09 23:57:58,R_125MChcphIny6AG,,,,,40.781997680664,-73.473899841309,anonymous,3,"Friends,Family",Main course,Beer or cider,25,,,,,One of our 5 national brand beers,"Roasted pork loin with sweet potato purée, snap peas, and hazelnut-sage sauce: $26",Somewhat unreasonable,Male,18-34,Strongly Agree,10,33,0,5921629
2017-04-10 00:06:38,2017-04-10 00:08:53,IP Address,,1,96.246.246.236,100,135,True,2017-04-10 00:08:54,R_3MAaEaUKQJqTmhd,,,,,40.735397338867,-73.878303527832,anonymous,1,Family,Main course,Non-alcoholic beverages,10,Bottled water,"Roasted pork loin with sweet potato purée, snap peas, and hazelnut-sage sauce: $20",4,Somewhat reasonable,,,,Prefer not to answer,Prefer not to answer,Strongly Agree,15,0,25.6,7982070
2017-04-10 00:43:29,2017-04-10 00:45:06,IP Address,,1,50.24.188.141,100,97,True,2017-04-10 00:45:06,R_RVRSduZ9Kyccsbn,,,,,30.567001342773,-96.283699035645,anonymous,6,Family,Main course,Cocktails / mixed drinks,30,,,,,One of our 5 national brand beers,Egg and spinach fettuccine with wild mushroom ragù and Parmesan: $21,Somewhat reasonable,Female,18-34,Strongly Agree,15,28,0,211251
2017-04-10 05:12:50,2017-04-10 05:14:13,IP Address,,1,74.98.4.62,100,82,True,2017-04-10 05:14:14,R_3QLaTD6ggL8BuWp,,,,,40.935394287109,-77.783096313477,anonymous,5,"Spouse / significant other,Family",Main course,Water,20,,,,,Bottled water,Egg and spinach fettuccine with wild mushroom ragù and Parmesan: $21,Somewhat reasonable,Female,18-34,Strongly Agree,15,21,0,2689957
2017-04-10 06:35:16,2017-04-10 06:36:37,IP Address,,1,104.169.50.110,100,81,True,2017-04-10 06:36:37,R_248ArmaQhtYOCsM,,,,,47.820907592773,-122.31510162354,anonymous,2,Friends,"Appetizer,Main course",Non-alcoholic beverages,25,,,,,Bottled water,"Pan-fried fish and shellfish cakes with wild arugula, artichokes, and aïoli: $33",Extremely unreasonable,Male,35-49,Strongly Agree,20,33,0,1328064
2017-04-10 06:41:54,2017-04-10 06:43:25,IP Address,,1,67.165.27.110,100,91,True,2017-04-10 06:43:26,R_1QuzqC8igm1Dp8d,,,,,40.283493041992,-75.059600830078,anonymous,7,"Family,I eat alone","Appetizer,Main course","Non-alcoholic beverages,Cocktails / mixed drinks",25,Bottled water,Duck leg braised in the wood oven with Belgian endive and carrot relish: $24,7,Somewhat reasonable,,,,Male,18-34,Strongly Agree,25,0,32.92,1421505
2017-04-10 06:52:26,2017-04-10 06:54:28,IP Address,,1,98.110.20.84,100,121,True,2017-04-10 06:54:28,R_eQDqYybNUyGgQO5,,,,,39.423797607422,-75.257698059082,anonymous,15,Friends,Main course,Non-alcoholic beverages,20,,,,,Bottled water,"Pizza with nettles, red onions, and ricotta: $23",Somewhat reasonable,Male,18-34,Strongly Agree,15,23,0,4142350
2017-04-10 07:53:31,2017-04-10 07:54:55,IP Address,,1,50.118.145.202,100,83,True,2017-04-10 07:54:55,R_2wKrapuCXvdrXum,,,,,25.77409362793,-80.181701660156,anonymous,3,"Friends,Spouse / significant other","Appetizer,Main course","Water,Non-alcoholic beverages,Wine,Cocktails / mixed drinks",40,,,,,Bottled water,"Pan-fried fish and shellfish cakes with wild arugula, artichokes, and aïoli: $33",Somewhat reasonable,Female,18-34,Strongly Agree,20,33,0,7070399
2017-04-10 09:08:11,2017-04-10 09:11:10,IP Address,,1,69.249.246.194,100,178,True,2017-04-10 09:11:10,R_xo4CksZwM2qdQTT,,,,,40.193206787109,-75.674896240234,anonymous,10,"Friends,Family",Main course,Non-alcoholic beverages,20,One of our 20 draft craft beers,Duck leg braised in the wood oven with Belgian endive and carrot relish: $24,5,Somewhat reasonable,,,,Male,18-34,Strongly Agree,15,0,39.56,9480508
2017-04-10 09:16:59,2017-04-10 09:18:36,IP Address,,1,74.90.254.106,100,96,True,2017-04-10 09:18:36,R_2co58lG0VmGgAVM,,,,,40.671401977539,-73.936096191406,anonymous,10,Spouse / significant other,Main course,Beer or cider,25,,,,,One of our 20 draft craft beers,"Roasted pork loin with sweet potato purée, snap peas, and hazelnut-sage sauce: $26",Somewhat reasonable,Male,18-34,Strongly Agree,20,35,0,6254759
2017-04-10 10:39:30,2017-04-10 10:42:01,IP Address,,1,24.38.44.147,100,150,True,2017-04-10 10:42:01,R_2wTelOExIIa7AGi,,,,,40.71110534668,-73.946899414062,anonymous,8,"Spouse / significant other,I eat alone",Main course,"Water,Non-alcoholic beverages,Beer or cider",20,One of our 20 draft craft beers,Duck leg braised in the wood oven with Belgian endive and carrot relish: $24,7,Neither reasonable nor unreasonable,,,,Male,18-34,Strongly Agree,20,0,41.56,9284820
2017-04-10 11:23:22,2017-04-10 11:24:36,IP Address,,1,100.34.138.57,100,73,True,2017-04-10 11:24:36,R_2YERB6uUfXXQCwZ,,,,,40.04020690918,-75.533203125,anonymous,4,"Friends,Colleagues,Family","Appetizer,Main course","Water,Beer or cider",25,,,,,One of our 5 national brand beers,"Roasted pork loin with sweet potato purée, snap peas, and hazelnut-sage sauce: $26",Neither reasonable nor unreasonable,Male,35-49,Strongly Agree,20,33,0,514855
2017-04-10 11:29:42,2017-04-10 11:36:25,IP Address,,1,138.229.153.52,100,402,True,2017-04-10 11:36:25,R_1BRwmYWjJsh5X4q,,,,,35.125793457031,-117.98590087891,anonymous,30,"Spouse / significant other,Family","Appetizer,Main course,Dessert","Non-alcoholic beverages,Wine,Beer or cider,Cocktails / mixed drinks",15,Signature cocktail,Duck leg braised in the wood oven with Belgian endive and carrot relish: $24,5,Somewhat unreasonable,,,,Female,18-34,Strongly Agree,10,0,43.88,7072865
2017-04-10 11:34:35,2017-04-10 11:37:32,IP Address,,1,71.195.168.200,100,177,True,2017-04-10 11:37:33,R_3fv3tuc4FLJehmN,,,,,36.887405395508,-119.76969909668,anonymous,6,Family,Main course,Non-alcoholic beverages,12,One of our 20 draft craft beers,"Pizza with nettles, red onions, and ricotta: $18",5,Somewhat unreasonable,,,,Female,35-49,Strongly Agree,15,0,33.08,9625535
2017-04-10 11:36:09,2017-04-10 11:37:59,IP Address,,1,45.48.14.59,100,110,True,2017-04-10 11:38:00,R_3kueZ4Ye3M4GGfb,,,,,34.130004882812,-118.33860015869,anonymous,14,"Friends,Spouse / significant other","Appetizer,Main course,Dessert","Water,Wine,Beer or cider,Cocktails / mixed drinks",25,,,,,One of our 20 draft craft beers,"Roasted pork loin with sweet potato purée, snap peas, and hazelnut-sage sauce: $26",Somewhat reasonable,Male,18-34,Strongly Agree,20,35,0,1004193
2017-04-10 11:43:20,2017-04-10 11:45:27,IP Address,,1,70.62.219.126,100,126,True,2017-04-10 11:45:27,R_1oHEgbjKi5nrlYB,,,,,41.497299194336,-81.471397399902,anonymous,5,"Spouse / significant other,Colleagues,Family",Main course,Non-alcoholic beverages,22,Bottled water,"Roasted pork loin with sweet potato purée, snap peas, and hazelnut-sage sauce: $20",3.21,Somewhat reasonable,,,,Female,35-49,Strongly Agree,15,0,24.81,8190018
2017-04-10 11:46:49,2017-04-10 11:50:11,IP Address,,1,47.138.89.67,100,202,True,2017-04-10 11:50:11,R_2whLQ1vbFIAZKlz,,,,,34.729705810547,-118.1575012207,anonymous,3,"Spouse / significant other,Family","Appetizer,Main course,Dessert","Water,Non-alcoholic beverages",25,,,,,Bottled water,"Pizza with nettles, red onions, and ricotta: $23",Somewhat reasonable,Female,50-64,Strongly Agree,15,23,0,7977633
2017-04-10 13:33:24,2017-04-10 13:36:06,IP Address,,1,47.148.162.153,100,161,True,2017-04-10 13:36:06,R_2P5JZKNMVzyvLRN,,,,,34.027297973633,-117.58779907227,anonymous,7,Family,"Main course,Dessert",Non-alcoholic beverages,25,,,,,Bottled water,"Pizza with nettles, red onions, and ricotta: $23",Somewhat reasonable,Male,18-34,Strongly Agree,5,23,0,2465496
2017-04-10 15:59:32,2017-04-10 16:01:11,IP Address,,1,173.51.132.152,100,98,True,2017-04-10 16:01:11,R_XBNnW7ucM7ijuWB,,,,,33.993103027344,-117.96870422363,anonymous,12,"Friends,Spouse / significant other,Family",Main course,"Water,Non-alcoholic beverages,Wine,Cocktails / mixed drinks",30,Bottled water,"Roasted pork loin with sweet potato purée, snap peas, and hazelnut-sage sauce: $20",3,Extremely reasonable,,,,Female,18-34,Strongly Agree,15,0,24.6,1829982
2017-04-10 16:14:38,2017-04-10 16:17:26,IP Address,,1,129.32.224.77,100,168,True,2017-04-10 16:17:27,R_8pmiU53rjWk23p7,,,,,39.977401733398,-75.145202636719,anonymous,10,"Friends,Family","Main course,Dessert","Water,Non-alcoholic beverages,Beer or cider",40,One of our 20 draft craft beers,"Roasted pork loin with sweet potato purée, snap peas, and hazelnut-sage sauce: $20",6,Somewhat reasonable,,,,Male,18-34,Strongly Agree,20,0,36.24,7650236
2017-04-10 17:36:38,2017-04-10 17:40:38,IP Address,,1,74.79.81.9,100,239,True,2017-04-10 17:40:39,R_242BL6ECZvz5uNd,,,,,43.446395874023,-76.397102355957,anonymous,12,"Friends,I eat alone",Main course,Water,15,,,,,Bottled water,Duck leg braised in the wood oven with Belgian endive and carrot relish: $31,Extremely unreasonable,Male,18-34,Strongly Agree,15,31,0,5270219
2017-04-10 19:52:45,2017-04-10 19:54:56,IP Address,,1,108.227.120.41,100,131,True,2017-04-10 19:54:57,R_2bPjv7lZ26xdZzz,,,,,38.47380065918,-121.44340515137,anonymous,2,Spouse / significant other,Main course,Beer or cider,20,,,,,One of our 20 draft craft beers,"Pizza with nettles, red onions, and ricotta: $23",Somewhat unreasonable,Male,35-49,Strongly Agree,20,32,0,7502732
2017-04-10 19:57:39,2017-04-10 19:59:12,IP Address,,1,216.165.250.38,100,92,True,2017-04-10 19:59:13,R_cGFpCZD5wr2Prdn,,,,,34.153900146484,-117.99189758301,anonymous,5,"Friends,I eat alone",Main course,"Water,Non-alcoholic beverages",16,Bottled water,"Pizza with nettles, red onions, and ricotta: $18",3,Somewhat unreasonable,,,,Male,18-34,Strongly Agree,10,0,22.44,6969794
2017-04-11 07:31:05,2017-04-11 07:33:23,IP Address,,1,137.139.88.8,100,137,True,2017-04-11 07:33:24,R_ZDgCrErgeJSEUuJ,,,,,40.789794921875,-73.596397399902,anonymous,4,"Spouse / significant other,I eat alone",Main course,"Water,Beer or cider",35,One of our 20 draft craft beers,"Roasted pork loin with sweet potato purée, snap peas, and hazelnut-sage sauce: $20",6,Somewhat reasonable,,,,Male,35-49,Strongly Agree,20,0,36.24,302980
2017-04-11 10:37:31,2017-04-11 10:40:41,IP Address,,1,138.163.106.71,100,189,True,2017-04-11 10:40:42,R_25MIAaTLnBEZD2N,,,,,47.606201171875,-122.33209991455,anonymous,18,"Friends,Family,I eat alone","Appetizer,Main course","Water,Non-alcoholic beverages,Cocktails / mixed drinks",20,,,,,Bottled water,Duck leg braised in the wood oven with Belgian endive and carrot relish: $31,Somewhat unreasonable,Male,18-34,Strongly Agree,20,31,0,2563208
2017-04-11 11:09:37,2017-04-11 11:11:35,IP Address,,1,158.130.248.69,100,118,True,2017-04-11 11:11:36,R_qFzjph1EZMDq4ut,,,,,39.959701538086,-75.196800231934,anonymous,12,I eat alone,Main course,Water,25,Bottled water,Egg and spinach fettuccine with wild mushroom ragù and Parmesan: $16,3.5,Somewhat reasonable,,,,Male,35-49,Strongly Agree,20,0,20.78,7314241
2017-04-11 11:50:03,2017-04-11 11:51:31,IP Address,,1,130.91.113.45,100,88,True,2017-04-11 11:51:32,R_tLkGwLFJU0I0BHj,,,,,39.959701538086,-75.196800231934,anonymous,5,"Friends,Spouse / significant other",Main course,"Non-alcoholic beverages,Beer or cider",25,,,,,One of our 5 national brand beers,"Roasted pork loin with sweet potato purée, snap peas, and hazelnut-sage sauce: $26",Somewhat unreasonable,Male,18-34,Strongly Agree,20,33,0,7728644
2017-04-11 12:31:32,2017-04-11 12:33:01,IP Address,,1,70.209.139.52,100,89,True,2017-04-11 12:33:02,R_21vt1SWLRi9XE9E,,,,,42.729904174805,-75.981101989746,anonymous,7,"Friends,Spouse / significant other,Family","Appetizer,Main course","Water,Non-alcoholic beverages,Beer or cider",20,Bottled water,Egg and spinach fettuccine with wild mushroom ragù and Parmesan: $16,3,Extremely reasonable,,,,Male,18-34,Strongly Agree,20,0,20.28,2939731
2017-04-11 13:35:59,2017-04-11 13:38:33,IP Address,,1,192.104.24.222,100,153,True,2017-04-11 13:38:33,R_2wtqrgaNw3jMJ5y,,,,,40.345596313477,-80.134201049805,anonymous,8,"Friends,Spouse / significant other,Family","Main course,Dessert",Water,9,,,,,Bottled water,"Roasted pork loin with sweet potato purée, snap peas, and hazelnut-sage sauce: $26",Neither reasonable nor unreasonable,Female,18-34,Strongly Agree,15,26,0,832598
2017-04-11 14:20:22,2017-04-11 14:21:46,IP Address,,1,136.142.196.15,100,83,True,2017-04-11 14:21:46,R_2V8at7tB7B9eqAB,,,,,40.43440246582,-80.024803161621,anonymous,10,"Friends,Spouse / significant other","Appetizer,Main course",Water,20,Bottled water,"Pizza with nettles, red onions, and ricotta: $18",3.24,Somewhat reasonable,,,,Female,18-34,Strongly Agree,18,0,22.68,4894825
2017-04-11 14:27:47,2017-04-11 14:30:17,IP Address,,1,65.78.149.47,100,150,True,2017-04-11 14:30:18,R_2yqtvDzWHJJ8RZT,,,,,38.551696777344,-121.45010375977,anonymous,2,"Friends,Spouse / significant other",Main course,"Water,Wine,Beer or cider",25,,,,,One of our 20 draft craft beers,"Pizza with nettles, red onions, and ricotta: $23",Somewhat unreasonable,Male,18-34,Strongly Agree,18,32,0,2910901
2017-04-11 15:10:51,2017-04-11 15:13:09,IP Address,,1,50.49.145.205,100,138,True,2017-04-11 15:13:10,R_24iuLbXG09WPYIX,,,,,43.151794433594,-77.58519744873,anonymous,8,Family,"Appetizer,Main course",Water,15,,,,,Bottled water,Egg and spinach fettuccine with wild mushroom ragù and Parmesan: $21,Somewhat unreasonable,Female,50-64,Strongly Agree,15,21,0,9238854
2017-04-11 17:27:37,2017-04-11 17:29:42,IP Address,,1,12.12.160.26,100,124,True,2017-04-11 17:29:42,R_27mzAAltZckjRh2,,,,,37.751007080078,-97.821998596191,anonymous,10,"Friends,Spouse / significant other,Colleagues,Family,I eat alone","Appetizer,Main course","Water,Non-alcoholic beverages,Wine,Beer or cider,Cocktails / mixed drinks",40,One of our 20 draft craft beers,Duck leg braised in the wood oven with Belgian endive and carrot relish: $24,6.76,Neither reasonable nor unreasonable,,,,Male,35-49,Strongly Agree,18,0,41.32,4358512
2017-04-11 18:45:16,2017-04-11 18:46:45,IP Address,,1,73.93.155.47,100,89,True,2017-04-11 18:46:46,R_22A0eS0O5CflRfy,,,,,37.442901611328,-122.15139770508,anonymous,6,"Friends,Family","Main course,Dessert","Water,Non-alcoholic beverages,Cocktails / mixed drinks",12,One of our 5 national brand beers,Egg and spinach fettuccine with wild mushroom ragù and Parmesan: $16,4,Somewhat reasonable,,,,Female,18-34,Strongly Agree,10,0,27.76,563478
2017-04-11 20:06:16,2017-04-11 20:08:50,IP Address,,1,73.233.51.31,100,153,True,2017-04-11 20:08:50,R_OrnyslQNkkI7eU1,,,,,40.054794311523,-75.408302307129,anonymous,2,"Spouse / significant other,Family","Appetizer,Main course","Water,Non-alcoholic beverages",30,,,,,Bottled water,"Roasted pork loin with sweet potato purée, snap peas, and hazelnut-sage sauce: $26",Extremely reasonable,Male,18-34,Strongly Agree,20,26,0,5251503
2017-04-11 20:46:04,2017-04-11 20:47:32,IP Address,,1,24.205.188.128,100,88,True,2017-04-11 20:47:33,R_1qb2qV0lrztXSON,,,,,34.011505126953,-117.85350036621,anonymous,20,I eat alone,"Main course,Dessert",Non-alcoholic beverages,12,Bottled water,Egg and spinach fettuccine with wild mushroom ragù and Parmesan: $16,3,Neither reasonable nor unreasonable,,,,Female,18-34,Strongly Agree,15,0,20.28,8085002
2017-04-12 11:53:09,2017-04-12 11:53:53,IP Address,,1,50.207.98.178,100,43,True,2017-04-12 11:53:54,R_1PUCMQEwqzU6iCp,,,,,37.84880065918,-122.53489685059,anonymous,10,"Friends,Spouse / significant other,Family",Main course,Non-alcoholic beverages,15,,,,,One of our 20 draft craft beers,Egg and spinach fettuccine with wild mushroom ragù and Parmesan: $21,Somewhat unreasonable,Male,18-34,Strongly Agree,18,30,0,8777079
2017-04-12 12:20:18,2017-04-12 12:22:11,IP Address,,1,65.78.120.23,100,113,True,2017-04-12 12:22:12,R_1mVO9uedGSR6Ltk,,,,,40.567794799805,-75.482803344727,anonymous,15,"Friends,Spouse / significant other","Appetizer,Main course","Water,Wine,Beer or cider",20,,,,,Bottled water,Egg and spinach fettuccine with wild mushroom ragù and Parmesan: $21,Somewhat reasonable,Female,18-34,Strongly Agree,17,21,0,4702934
2017-04-12 18:55:57,2017-04-12 18:58:11,IP Address,,1,69.204.48.193,100,133,True,2017-04-12 18:58:12,R_pFag34quc88fmc9,,,,,42.885406494141,-78.750297546387,anonymous,6,Family,Main course,"Water,Non-alcoholic beverages",14,Bottled water,"Roasted pork loin with sweet potato purée, snap peas, and hazelnut-sage sauce: $20",3.25,Somewhat reasonable,,,,Male,35-49,Strongly Agree,15,0,24.85,3001002
2017-04-13 00:48:40,2017-04-13 00:49:59,IP Address,,1,172.88.24.195,100,79,True,2017-04-13 00:49:59,R_2rJ7EDJmJJrw03s,,,,,34.200500488281,-118.54040527344,anonymous,7,Spouse / significant other,"Appetizer,Main course","Wine,Beer or cider,Cocktails / mixed drinks",75,Red or white wine (from the wine list),"Pizza with nettles, red onions, and ricotta: $18",5.97,Extremely reasonable,,,,Male,35-49,Strongly Agree,10,0,37.29,1749324
2017-04-13 09:12:44,2017-04-13 09:14:27,IP Address,,1,76.119.102.218,100,102,True,2017-04-13 09:14:27,R_2aCESaMcj63zGpm,,,,,42.330596923828,-72.630599975586,anonymous,4,Spouse / significant other,"Appetizer,Main course","Water,Beer or cider",30,One of our 20 draft craft beers,"Pan-fried fish and shellfish cakes with wild arugula, artichokes, and aïoli: $25",6,Extremely reasonable,,,,Male,50-64,Strongly Agree,20,0,41.64,1534929
2017-04-13 12:19:51,2017-04-13 12:20:22,IP Address,,1,198.72.247.247,100,31,True,2017-04-13 12:20:22,R_2WMyWqgBcVfRjG6,,,,,34.085296630859,-117.96089935303,anonymous,9,"Spouse / significant other,I eat alone","Appetizer,Main course,Dessert",Beer or cider,23,,,,,One of our 20 draft craft beers,"Roasted pork loin with sweet potato purée, snap peas, and hazelnut-sage sauce: $26",Neither reasonable nor unreasonable,Female,18-34,Strongly Agree,1,35,0,3233826
2017-04-13 13:11:42,2017-04-13 13:13:10,IP Address,,1,173.94.101.247,100,87,True,2017-04-13 13:13:10,R_24GJUe4iPKe8TMP,,,,,36.182403564453,-79.806701660156,anonymous,4,I eat alone,"Appetizer,Main course","Non-alcoholic beverages,Wine",20,Signature cocktail,"Pan-fried fish and shellfish cakes with wild arugula, artichokes, and aïoli: $25",12,Somewhat reasonable,,,,Female,18-34,Strongly Agree,25,0,51.96,2107182
2017-04-13 14:42:07,2017-04-13 14:45:48,IP Address,,1,174.59.143.221,100,220,True,2017-04-13 14:45:48,R_1PZ3DxkqfVRglGd,,,,,39.893905639648,-76.557998657227,anonymous,1,"Friends,Family",Appetizer,Non-alcoholic beverages,15,,,,,Bottled water,"Roasted pork loin with sweet potato purée, snap peas, and hazelnut-sage sauce: $26",Somewhat reasonable,Female,18-34,Strongly Agree,10,26,0,674130
2017-04-13 17:14:24,2017-04-13 17:16:03,IP Address,,1,156.72.30.1,100,99,True,2017-04-13 17:16:03,R_1f1RekcyNMjxRxS,,,,,33.669494628906,-117.8231048584,anonymous,10,"Spouse / significant other,Family",Main course,"Water,Beer or cider,Cocktails / mixed drinks",25,One of our 20 draft craft beers,"Pizza with nettles, red onions, and ricotta: $18",5.18,Somewhat reasonable,,,,Female,18-34,Strongly Agree,15,0,33.26,530752
2017-04-13 20:18:30,2017-04-13 20:20:25,IP Address,,1,73.15.51.230,100,114,True,2017-04-13 20:20:25,R_3lK5SBkhJ98XEaJ,,,,,37.721694946289,-122.44439697266,anonymous,10,"Friends,Colleagues,Family",Main course,Beer or cider,25,,,,,One of our 5 national brand beers,Duck leg braised in the wood oven with Belgian endive and carrot relish: $31,Somewhat reasonable,Male,18-34,Strongly Agree,18,38,0,5857544
2017-04-13 21:12:14,2017-04-13 21:14:59,IP Address,,1,68.197.160.81,100,164,True,2017-04-13 21:15:00,R_1LnXF91PoG2B4EC,,,,,40.816299438477,-73.862098693848,anonymous,10,Friends,"Main course,Dessert",Non-alcoholic beverages,40,Bottled water,"Roasted pork loin with sweet potato purée, snap peas, and hazelnut-sage sauce: $20",3,Somewhat reasonable,,,,Female,50-64,Strongly Agree,15,0,24.6,7338849
2017-04-14 09:20:20,2017-04-14 09:21:56,IP Address,,1,92.51.116.48,100,96,True,2017-04-14 09:21:57,R_3stApUX2fWo5gdy,,,,,41.725006103516,44.790802001953,anonymous,6,"Friends,Family","Main course,Dessert",Non-alcoholic beverages,20,,,,,Bottled water,Egg and spinach fettuccine with wild mushroom ragù and Parmesan: $21,Somewhat reasonable,Female,18-34,Strongly Agree,10,21,0,1585509
2017-04-14 11:11:57,2017-04-14 11:16:34,IP Address,,1,72.23.134.60,100,277,True,2017-04-14 11:16:35,R_1GJlzpxDa11fezK,,,,,41.222503662109,-80.252098083496,anonymous,3,Family,"Main course,Dessert",Water,10,,,,,Bottled water,"Pizza with nettles, red onions, and ricotta: $23",Extremely reasonable,Female,18-34,Strongly Agree,15,23,0,9687715
2017-04-14 12:30:50,2017-04-14 12:33:32,IP Address,,1,71.75.51.86,100,162,True,2017-04-14 12:33:32,R_1mq24Mcj10AXret,,,,,35.293594360352,-80.735000610352,anonymous,7,"Friends,Spouse / significant other,Family","Appetizer,Main course","Non-alcoholic beverages,Cocktails / mixed drinks",65,Signature cocktail,Duck leg braised in the wood oven with Belgian endive and carrot relish: $24,10,Extremely reasonable,,,,Female,35-49,Strongly Agree,25,0,48.88,209394
2017-04-14 18:25:11,2017-04-14 18:27:37,IP Address,,1,24.239.67.212,100,145,True,2017-04-14 18:27:37,R_1fjuDHGEZxKXpUz,,,,,39.796096801758,-75.980796813965,anonymous,4,"Spouse / significant other,Family,I eat alone","Appetizer,Main course","Water,Non-alcoholic beverages",12,,,,,Bottled water,Egg and spinach fettuccine with wild mushroom ragù and Parmesan: $21,Somewhat unreasonable,Female,35-49,Strongly Agree,20,21,0,2824591
2017-04-14 18:46:36,2017-04-14 18:48:32,IP Address,,1,68.48.116.163,100,116,True,2017-04-14 18:48:33,R_1jw6vuueo3leaGV,,,,,42.860198974609,-84.594100952148,anonymous,4,Friends,"Appetizer,Main course","Water,Cocktails / mixed drinks",20,Bottled water,Egg and spinach fettuccine with wild mushroom ragù and Parmesan: $16,2.88,Somewhat reasonable,,,,Female,18-34,Strongly Agree,18,0,20.16,7779748
2017-04-14 19:54:57,2017-04-14 20:00:12,IP Address,,1,76.167.48.115,100,314,True,2017-04-14 20:00:12,R_1NqwHgl4CbV9ubo,,,,,33.928894042969,-116.48809814453,anonymous,2,Spouse / significant other,Main course,"Water,Non-alcoholic beverages",10,,,,,Bottled water,"Pizza with nettles, red onions, and ricotta: $23",Somewhat reasonable,Female,18-34,Strongly Agree,15,23,0,4732342
2017-04-14 20:25:18,2017-04-14 20:27:12,IP Address,,1,98.226.177.236,100,114,True,2017-04-14 20:27:13,R_DHxnWqbeS9EMWcx,,,,,41.923202514648,-87.805702209473,anonymous,10,Spouse / significant other,Main course,"Water,Non-alcoholic beverages,Beer or cider",15,One of our 5 national brand beers,"Pizza with nettles, red onions, and ricotta: $18",5,Somewhat unreasonable,,,,Female,18-34,Strongly Agree,20,0,30.92,889057
2017-04-15 01:21:35,2017-04-15 01:23:19,IP Address,,1,68.4.23.178,100,103,True,2017-04-15 01:23:19,R_1mzyTJUoEwUPcKA,,,,,33.480194091797,-117.61410522461,anonymous,1,"Friends,Family","Appetizer,Main course",Cocktails / mixed drinks,100,,,,,Red or white wine (from the wine list),Duck leg braised in the wood oven with Belgian endive and carrot relish: $31,Extremely reasonable,Male,18-34,Strongly Agree,20,43,0,1008910
2017-04-15 10:44:25,2017-04-15 10:45:07,IP Address,,1,72.220.12.233,100,42,True,2017-04-15 10:45:08,R_33gs9mYRnmVTKTD,,,,,32.636093139648,-117.05319976807,anonymous,9,Friends,Appetizer,Beer or cider,10,,,,,One of our 5 national brand beers,Duck leg braised in the wood oven with Belgian endive and carrot relish: $31,Extremely reasonable,Male,18-34,Strongly Agree,20,38,0,6522650
2017-04-15 13:12:45,2017-04-15 13:14:25,IP Address,,1,98.210.228.117,100,99,True,2017-04-15 13:14:25,R_2wFDNflUGXgFFDf,,,,,37.895904541016,-122.56629943848,anonymous,30,"Friends,Spouse / significant other,I eat alone","Appetizer,Main course","Water,Non-alcoholic beverages,Wine,Beer or cider",20,One of our 20 draft craft beers,"Roasted pork loin with sweet potato purée, snap peas, and hazelnut-sage sauce: $20",6.04,Neither reasonable nor unreasonable,,,,Female,18-34,Strongly Agree,20,0,36.28,7489647
2017-04-15 15:51:06,2017-04-15 15:54:00,IP Address,,1,72.230.140.2,100,174,True,2017-04-15 15:54:01,R_vAZBgjvGBbIan6N,,,,,43.11540222168,-77.557601928711,anonymous,12,"Friends,Spouse / significant other,Colleagues,Family","Appetizer,Main course","Water,Non-alcoholic beverages,Wine,Beer or cider,Cocktails / mixed drinks",10,,,,,Bottled water,"Pizza with nettles, red onions, and ricotta: $23",Somewhat reasonable,Female,18-34,Strongly Agree,15,23,0,9276926
2017-04-15 16:22:35,2017-04-15 16:24:26,IP Address,,1,47.150.180.8,100,110,True,2017-04-15 16:24:26,R_1ey0UCGR8dsAPwP,,,,,34.536102294922,-117.29119873047,anonymous,2,Family,"Appetizer,Main course","Water,Non-alcoholic beverages",25,One of our 5 national brand beers,"Pizza with nettles, red onions, and ricotta: $18",4,Somewhat reasonable,,,,Female,50-64,Strongly Agree,15,0,29.92,5690746
2017-04-15 19:51:45,2017-04-15 19:52:52,IP Address,,1,68.5.74.163,100,67,True,2017-04-15 19:52:53,R_25tLpfTEWDl0cKA,,,,,33.645095825195,-117.67860412598,anonymous,2,Friends,Main course,Water,13,,,,,Bottled water,Egg and spinach fettuccine with wild mushroom ragù and Parmesan: $21,Neither reasonable nor unreasonable,Male,18-34,Strongly Agree,15,21,0,9818406
2017-04-15 20:34:13,2017-04-15 20:35:19,IP Address,,1,107.146.214.180,100,65,True,2017-04-15 20:35:19,R_3qHVL3kuDofsgu4,,,,,35.333892822266,-119.0225982666,anonymous,4,"Friends,Spouse / significant other","Main course,Dessert",Beer or cider,28,,,,,One of our 20 draft craft beers,Duck leg braised in the wood oven with Belgian endive and carrot relish: $31,Somewhat reasonable,Male,35-49,Strongly Agree,10,40,0,9906631
2017-04-15 20:45:22,2017-04-15 20:48:08,IP Address,,1,76.170.197.109,100,165,True,2017-04-15 20:48:09,R_2dKJ3QiM6x9LFrl,,,,,33.816101074219,-117.97940063477,anonymous,4,"Friends,Spouse / significant other,Colleagues,Family","Appetizer,Main course","Water,Non-alcoholic beverages",15,Bottled water,"Pan-fried fish and shellfish cakes with wild arugula, artichokes, and aïoli: $25",4,Somewhat reasonable,,,,Female,50-64,Strongly Agree,20,0,31,3321942
2017-04-15 23:55:54,2017-04-15 23:57:18,IP Address,,1,47.136.158.15,100,84,True,2017-04-15 23:57:19,R_2sqFL0TIUKh1U4N,,,,,34.122299194336,-117.71429443359,anonymous,2,"Colleagues,Family",Main course,"Water,Non-alcoholic beverages",18,,,,,Bottled water,"Roasted pork loin with sweet potato purée, snap peas, and hazelnut-sage sauce: $26",Neither reasonable nor unreasonable,Male,35-49,Strongly Agree,15,26,0,1466105
2017-04-16 05:07:35,2017-04-16 05:10:39,IP Address,,1,174.67.228.232,100,183,True,2017-04-16 05:10:39,R_2xP3eMPS7EoS12e,,,,,33.669494628906,-117.8231048584,anonymous,3,Family,"Appetizer,Main course",Non-alcoholic beverages,20,Bottled water,"Pizza with nettles, red onions, and ricotta: $18",3.24,Somewhat reasonable,,,,Male,35-49,Strongly Agree,20,0,22.68,995477
2017-04-16 09:06:57,2017-04-16 09:08:42,IP Address,,1,108.245.192.125,100,105,True,2017-04-16 09:08:43,R_81XrW1UQhDmXPnb,,,,,34.09049987793,-118.13439941406,anonymous,1,Family,Main course,Water,15,,,,,Bottled water,"Pizza with nettles, red onions, and ricotta: $23",Somewhat unreasonable,Male,35-49,Strongly Agree,15,23,0,4558787
2017-04-16 09:19:23,2017-04-16 09:23:52,IP Address,,1,180.150.157.38,100,268,True,2017-04-16 09:23:52,R_BWIZLmPAHJ9waLn,,,,,22.25,114.16668701172,anonymous,12,Friends,"Appetizer,Main course",Beer or cider,20,Signature cocktail,"Roasted pork loin with sweet potato purée, snap peas, and hazelnut-sage sauce: $20",5,Neither reasonable nor unreasonable,,,,Male,18-34,Strongly Agree,3,0,39.56,4166274
2017-04-16 10:25:31,2017-04-16 10:26:51,IP Address,,1,158.222.220.155,100,80,True,2017-04-16 10:26:52,R_3h5t7NcZAFXVokX,,,,,40.8291015625,-73.949096679688,anonymous,1,Friends,Main course,"Water,Non-alcoholic beverages,Beer or cider",25,,,,,Bottled water,"Pizza with nettles, red onions, and ricotta: $23",Somewhat reasonable,Male,18-34,Strongly Agree,15,23,0,3185676
2017-04-16 12:45:55,2017-04-16 12:48:07,IP Address,,1,174.55.111.119,100,132,True,2017-04-16 12:48:08,R_a2XS83xfHnP3Adz,,,,,39.937606811523,-77.661102294922,anonymous,2,"Spouse / significant other,Family",Main course,"Water,Non-alcoholic beverages",10,Bottled water,Egg and spinach fettuccine with wild mushroom ragù and Parmesan: $16,3.5,Somewhat unreasonable,,,,Female,35-49,Strongly Agree,20,0,20.78,3513538
2017-04-16 12:52:14,2017-04-16 12:54:06,IP Address,,1,144.118.77.57,100,112,True,2017-04-16 12:54:07,R_3DEGmxjJVRTD5bX,,,,,39.959701538086,-75.196800231934,anonymous,4,Spouse / significant other,"Appetizer,Main course,Dessert","Beer or cider,Cocktails / mixed drinks",45,Signature cocktail,Duck leg braised in the wood oven with Belgian endive and carrot relish: $24,7,Somewhat reasonable,,,,Male,18-34,Strongly Agree,18,0,45.88,3343003
2017-04-16 16:13:33,2017-04-16 16:16:11,IP Address,,1,98.116.65.75,100,158,True,2017-04-16 16:16:12,R_3JsaxKhqiWkHNLa,,,,,40.751693725586,-73.883201599121,anonymous,10,"Friends,Spouse / significant other,Colleagues,Family,I eat alone","Appetizer,Main course,Dessert","Water,Non-alcoholic beverages",15,,,,,Bottled water,"Pizza with nettles, red onions, and ricotta: $23",Extremely reasonable,Male,18-34,Strongly Agree,10,23,0,324479
2017-04-16 16:23:11,2017-04-16 16:24:31,IP Address,,1,108.39.143.231,100,79,True,2017-04-16 16:24:31,R_2uv5TcJgI279Qvn,,,,,40.459594726562,-79.835800170898,anonymous,5,"Friends,I eat alone","Appetizer,Main course","Water,Wine,Beer or cider",12,,,,,Bottled water,"Pizza with nettles, red onions, and ricotta: $23",Somewhat unreasonable,Female,50-64,Strongly Agree,15,23,0,8045411
2017-04-16 21:13:51,2017-04-16 21:16:21,IP Address,,1,75.43.33.129,100,149,True,2017-04-16 21:16:21,R_2XiZZGxRnQBGPvN,,,,,38.272201538086,-121.22889709473,anonymous,12,I eat alone,Main course,Water,10,Bottled water,"Pan-fried fish and shellfish cakes with wild arugula, artichokes, and aïoli: $25",4,Extremely unreasonable,,,,Male,35-49,Strongly Agree,15,0,31,7878785
2017-04-16 22:16:06,2017-04-16 22:17:37,IP Address,,1,69.114.178.131,100,91,True,2017-04-16 22:17:38,R_3RjtjUZTtBTzH42,,,,,40.583297729492,-73.924003601074,anonymous,5,Family,"Main course,Dessert","Water,Cocktails / mixed drinks",25,Bottled water,"Roasted pork loin with sweet potato purée, snap peas, and hazelnut-sage sauce: $20",2,Somewhat reasonable,,,,Female,18-34,Strongly Agree,10,0,23.6,7410696
2017-04-16 23:44:24,2017-04-16 23:45:40,IP Address,,1,24.205.86.79,100,75,True,2017-04-16 23:45:40,R_2ci3LK3hxUKlFQ2,,,,,34.173797607422,-118.1701965332,anonymous,10,I eat alone,Main course,"Water,Wine,Cocktails / mixed drinks",33,Signature cocktail,"Pizza with nettles, red onions, and ricotta: $18",8,Somewhat reasonable,,,,Male,18-34,Strongly Agree,25,0,40.4,2142965
2017-04-17 04:23:18,2017-04-17 04:24:33,IP Address,,1,103.255.6.86,100,75,True,2017-04-17 04:24:34,R_6Wk32YZTedyNuoh,,,,,33.690002441406,73.055099487305,anonymous,18,Family,Main course,Water,50,,,,,One of our 5 national brand beers,"Roasted pork loin with sweet potato purée, snap peas, and hazelnut-sage sauce: $26",Somewhat reasonable,Male,18-34,Strongly Agree,80,33,0,4891422
2017-04-17 05:44:44,2017-04-17 05:47:11,IP Address,,1,192.251.13.62,100,146,True,2017-04-17 05:47:11,R_tSuGN6NspusDBjr,,,,,40.154495239258,-75.380897521973,anonymous,4,"Spouse / significant other,Family","Main course,Dessert","Water,Non-alcoholic beverages",25,Bottled water,"Roasted pork loin with sweet potato purée, snap peas, and hazelnut-sage sauce: $20",4,Somewhat reasonable,,,,Male,35-49,Strongly Agree,20,0,25.6,9519742
2017-04-17 05:50:41,2017-04-17 05:51:48,IP Address,,1,84.26.133.104,100,67,True,2017-04-17 05:51:49,R_2dg88aHIS70O5nK,,,,,51.516494750977,4.4365997314453,anonymous,3,"Spouse / significant other,Family",Appetizer,"Water,Beer or cider",45,,,,,One of our 20 draft craft beers,"Pan-fried fish and shellfish cakes with wild arugula, artichokes, and aïoli: $33",Somewhat unreasonable,Female,35-49,Strongly Agree,15,42,0,1362506
2017-04-17 07:35:37,2017-04-17 07:37:17,IP Address,,1,170.115.248.22,100,99,True,2017-04-17 07:37:17,R_PuJRFcf1xREf0hb,,,,,39.960906982422,-75.231002807617,anonymous,5,"Friends,Family","Appetizer,Main course","Water,Non-alcoholic beverages,Beer or cider",35,One of our 20 draft craft beers,"Roasted pork loin with sweet potato purée, snap peas, and hazelnut-sage sauce: $20",7,Extremely reasonable,,,,Male,18-34,Strongly Agree,20,0,37.24,5724216
2017-04-17 08:03:49,2017-04-17 08:06:31,IP Address,,1,69.120.234.200,100,161,True,2017-04-17 08:06:32,R_2ugtEpyiXnJ33fb,,,,,40.676605224609,-73.703796386719,anonymous,15,Family,Main course,"Water,Non-alcoholic beverages",25,,,,,Bottled water,"Pan-fried fish and shellfish cakes with wild arugula, artichokes, and aïoli: $33",Neither reasonable nor unreasonable,Male,35-49,Strongly Agree,10,33,0,6490219
2017-04-17 10:14:42,2017-04-17 10:16:50,IP Address,,1,130.49.45.19,100,127,True,2017-04-17 10:16:50,R_2XjnqeDO0NRgjhR,,,,,40.43440246582,-80.024803161621,anonymous,15,"Friends,Family,I eat alone",Main course,Water,15,Bottled water,"Roasted pork loin with sweet potato purée, snap peas, and hazelnut-sage sauce: $20",5,Neither reasonable nor unreasonable,,,,Male,18-34,Strongly Agree,18,0,26.6,675723
2017-04-17 10:56:36,2017-04-17 10:58:33,IP Address,,1,23.30.214.121,100,116,True,2017-04-17 10:58:33,R_6hC5nRiJ2XzQ54l,,,,,40.240203857422,-76.130500793457,anonymous,4,"Friends,Spouse / significant other,Family","Appetizer,Main course","Water,Beer or cider,Cocktails / mixed drinks",25,,,,,Signature cocktail,"Pizza with nettles, red onions, and ricotta: $23",Neither reasonable nor unreasonable,Male,18-34,Strongly Agree,100,37,0,1168040
2017-04-17 13:42:03,2017-04-17 13:44:18,IP Address,,1,128.118.94.180,100,135,True,2017-04-17 13:44:18,R_4HE2UjVwf8JkReF,,,,,40.935394287109,-77.783096313477,anonymous,8,Spouse / significant other,Main course,Non-alcoholic beverages,17,Bottled water,Egg and spinach fettuccine with wild mushroom ragù and Parmesan: $16,3.5,Somewhat unreasonable,,,,Female,18-34,Strongly Agree,20,0,20.78,2908617
2017-04-17 14:02:10,2017-04-17 14:03:55,IP Address,,1,47.208.146.175,100,104,True,2017-04-17 14:03:55,R_24LYRZk2QGPb9dz,,,,,40.802093505859,-124.16369628906,anonymous,2,Family,Main course,Non-alcoholic beverages,20,,,,,Signature cocktail,"Pizza with nettles, red onions, and ricotta: $23",Somewhat reasonable,Female,18-34,Strongly Agree,10,37,0,9531443
2017-04-17 15:31:53,2017-04-17 15:33:36,IP Address,,1,73.188.16.162,100,103,True,2017-04-17 15:33:37,R_3KobnClBQvnBGUN,,,,,39.940704345703,-75.228103637695,anonymous,1,Family,"Main course,Dessert",Non-alcoholic beverages,25,Bottled water,"Pizza with nettles, red onions, and ricotta: $18",4,Extremely reasonable,,,,Female,35-49,Strongly Agree,20,0,23.44,4913473
2017-04-17 17:52:51,2017-04-17 17:54:33,IP Address,,1,73.92.250.45,100,101,True,2017-04-17 17:54:34,R_1o6ELRzyaU6US4d,,,,,38.02799987793,-121.88470458984,anonymous,4,"Friends,Colleagues,Family",Main course,Non-alcoholic beverages,22,,,,,Bottled water,"Pizza with nettles, red onions, and ricotta: $23",Extremely reasonable,Female,35-49,Strongly Agree,18,23,0,2596474
2017-04-17 17:54:19,2017-04-17 17:55:39,IP Address,,1,72.77.89.82,100,79,True,2017-04-17 17:55:39,R_1qW08pXYzFY3jml,,,,,40.406692504883,-80.110801696777,anonymous,19,"Friends,Family,I eat alone",Main course,Water,14,Bottled water,Egg and spinach fettuccine with wild mushroom ragù and Parmesan: $16,4,Somewhat reasonable,,,,Female,50-64,Strongly Agree,15,0,21.28,8777496
2017-04-17 19:36:40,2017-04-17 19:38:30,IP Address,,1,45.18.228.112,100,110,True,2017-04-17 19:38:30,R_3I3N8oRVLlY5GuY,,,,,38.666702270508,-121.62930297852,anonymous,8,"Friends,Spouse / significant other,Family","Appetizer,Main course","Wine,Beer or cider,Cocktails / mixed drinks",35,,,,,Red or white wine (from the wine list),"Pan-fried fish and shellfish cakes with wild arugula, artichokes, and aïoli: $33",Somewhat unreasonable,Male,18-34,Strongly Agree,20,45,0,6097275
2017-04-17 21:11:07,2017-04-17 21:13:11,IP Address,,1,108.26.46.35,100,124,True,2017-04-17 21:13:12,R_elJvTUNGav1apeF,,,,,43.044006347656,-76.151802062988,anonymous,9,"Friends,I eat alone","Appetizer,Main course,Dessert",Wine,25,,,,,Red or white wine (from the wine list),"Roasted pork loin with sweet potato purée, snap peas, and hazelnut-sage sauce: $26",Somewhat reasonable,Female,18-34,Strongly Agree,15,38,0,4494596
2017-04-18 03:18:23,2017-04-18 03:19:43,IP Address,,1,23.126.177.129,100,79,True,2017-04-18 03:19:43,R_31iIPcBvnMoizOB,,,,,37.458999633789,-122.17810058594,anonymous,2,"Friends,Family",Main course,"Water,Beer or cider",20,,,,,Bottled water,"Pizza with nettles, red onions, and ricotta: $23",Somewhat reasonable,Female,35-49,Strongly Agree,20,23,0,4914466
2017-04-18 04:17:52,2017-04-18 04:21:18,IP Address,,1,68.84.8.109,100,205,True,2017-04-18 04:21:18,R_R2jsC4TB1Bt6T73,,,,,38.811492919922,-77.12850189209,anonymous,2,Family,"Appetizer,Main course",Non-alcoholic beverages,10,Bottled water,"Pizza with nettles, red onions, and ricotta: $18",4,Somewhat unreasonable,,,,Female,18-34,Strongly Agree,20,0,23.44,8154426
2017-04-18 07:43:14,2017-04-18 07:44:23,IP Address,,1,96.94.118.49,100,69,True,2017-04-18 07:44:24,R_0JPLyncBDnpEplD,,,,,40.46809387207,-79.911399841309,anonymous,3,Spouse / significant other,"Appetizer,Main course","Water,Beer or cider,Cocktails / mixed drinks",20,One of our 5 national brand beers,"Pizza with nettles, red onions, and ricotta: $18",5,Somewhat reasonable,,,,Female,18-34,Strongly Agree,20,0,30.92,5786001
2017-04-18 09:19:08,2017-04-18 09:20:56,IP Address,,1,24.43.90.35,100,108,True,2017-04-18 09:20:56,R_2aYfL6bBKR6ukOl,,,,,34.069000244141,-118.35020446777,anonymous,8,Spouse / significant other,Main course,Water,13,,,,,Bottled water,Duck leg braised in the wood oven with Belgian endive and carrot relish: $31,Somewhat reasonable,Male,18-34,Strongly Agree,20,31,0,9321236
2017-04-18 11:53:58,2017-04-18 11:56:49,IP Address,,1,162.199.206.141,100,171,True,2017-04-18 11:56:50,R_Ovy9Uj3K02s0lz3,,,,,33.875503540039,-117.99349975586,anonymous,2,Friends,"Appetizer,Main course,Dessert","Non-alcoholic beverages,Wine",30,Red or white wine (from the wine list),"Pan-fried fish and shellfish cakes with wild arugula, artichokes, and aïoli: $25",3.5,Somewhat reasonable,,,,Male,18-34,Strongly Agree,5,0,42.38,4483595
2017-04-18 12:33:50,2017-04-18 12:35:29,IP Address,,1,98.178.212.32,100,98,True,2017-04-18 12:35:29,R_2SkJX8MMJ588574,,,,,30.026596069336,-89.969902038574,anonymous,5,"Friends,I eat alone","Appetizer,Main course","Water,Non-alcoholic beverages,Cocktails / mixed drinks",10,,,,,Bottled water,"Roasted pork loin with sweet potato purée, snap peas, and hazelnut-sage sauce: $26",Somewhat reasonable,Male,35-49,Strongly Agree,15,26,0,1566434
2017-04-18 14:09:11,2017-04-18 14:11:56,IP Address,,1,71.63.231.162,100,164,True,2017-04-18 14:11:56,R_1M6A6Ko1gxqG8qP,,,,,45.610305786133,-122.74549865723,anonymous,3,"Friends,Family","Main course,Dessert",Cocktails / mixed drinks,50,One of our 20 draft craft beers,"Roasted pork loin with sweet potato purée, snap peas, and hazelnut-sage sauce: $20",5.4,Somewhat reasonable,,,,Female,35-49,Strongly Agree,18,0,35.64,9470581
2017-04-18 14:20:26,2017-04-18 14:21:41,IP Address,,1,74.108.98.33,100,74,True,2017-04-18 14:21:41,R_XAh8wOv6ybMwKLn,,,,,40.670501708984,-74.106399536133,anonymous,3,Friends,"Main course,Dessert","Water,Non-alcoholic beverages,Cocktails / mixed drinks",30,,,,,Bottled water,Egg and spinach fettuccine with wild mushroom ragù and Parmesan: $21,Somewhat reasonable,Female,18-34,Strongly Agree,20,21,0,1570755
2017-04-18 22:12:57,2017-04-18 22:14:14,IP Address,,1,100.12.207.236,100,76,True,2017-04-18 22:14:15,R_x3qT2zkTFSV6AdX,,,,,40.735397338867,-73.878303527832,anonymous,4,"Friends,Family","Appetizer,Main course,Dessert","Non-alcoholic beverages,Beer or cider",25,Bottled water,Duck leg braised in the wood oven with Belgian endive and carrot relish: $24,5,Neither reasonable nor unreasonable,,,,Male,18-34,Strongly Agree,18,0,30.92,1651859
2017-04-18 23:48:30,2017-04-18 23:50:00,IP Address,,1,150.107.7.188,100,90,True,2017-04-18 23:50:01,R_3r0YI5liHd88ge1,,,,,11.5625,104.91598510742,anonymous,6,Friends,"Appetizer,Main course","Wine,Beer or cider",10,,,,,Red or white wine (from the wine list),"Pan-fried fish and shellfish cakes with wild arugula, artichokes, and aïoli: $33",Somewhat reasonable,Female,35-49,Strongly Agree,20,45,0,4523516
2017-04-19 06:55:03,2017-04-19 06:58:12,IP Address,,1,74.65.197.210,100,188,True,2017-04-19 06:58:12,R_2uP7c33HgJDfkhP,,,,,40.71110534668,-73.946899414062,anonymous,8,"Friends,Spouse / significant other,Family","Appetizer,Main course",Water,26,Bottled water,"Pizza with nettles, red onions, and ricotta: $18",4,Somewhat reasonable,,,,Male,18-34,Strongly Agree,20,0,23.44,6834899
2017-04-19 07:01:37,2017-04-19 07:05:37,IP Address,,1,148.168.40.122,100,239,True,2017-04-19 07:05:37,R_1QKOn2WO4w69heb,,,,,41.345199584961,-72.10880279541,anonymous,5,"Friends,Spouse / significant other,Family","Appetizer,Main course","Water,Beer or cider",30,,,,,One of our 20 draft craft beers,"Pizza with nettles, red onions, and ricotta: $23",Neither reasonable nor unreasonable,Male,18-34,Strongly Agree,20,32,0,4519355
2017-04-19 08:22:11,2017-04-19 08:23:29,IP Address,,1,129.32.224.68,100,77,True,2017-04-19 08:23:29,R_3ix6w1RFr7ryKpC,,,,,39.977401733398,-75.145202636719,anonymous,2,"Friends,Spouse / significant other,Family",Main course,Water,20,Bottled water,"Roasted pork loin with sweet potato purée, snap peas, and hazelnut-sage sauce: $20",5,Somewhat reasonable,,,,Female,18-34,Strongly Agree,20,0,26.6,6849815
2017-04-19 08:57:43,2017-04-19 09:00:36,IP Address,,1,114.142.251.77,100,172,True,2017-04-19 09:00:36,R_3lS0L6dOUnaRX4O,,,,,13.466705322266,144.78329467773,anonymous,12,"Friends,Spouse / significant other","Appetizer,Main course","Water,Non-alcoholic beverages,Wine,Beer or cider",14,,,,,Bottled water,Egg and spinach fettuccine with wild mushroom ragù and Parmesan: $21,Somewhat unreasonable,Male,18-34,Strongly Agree,15,21,0,6076318
2017-04-19 09:01:24,2017-04-19 09:03:27,IP Address,,1,173.112.142.16,100,123,True,2017-04-19 09:03:28,R_1DBgnpB84M78Bry,,,,,41.893402099609,-84.065902709961,anonymous,6,"Family,I eat alone",Main course,Non-alcoholic beverages,20,Bottled water,"Roasted pork loin with sweet potato purée, snap peas, and hazelnut-sage sauce: $20",4.6,Somewhat reasonable,,,,Male,18-34,Strongly Agree,15,0,26.2,7903900
2017-04-19 09:04:07,2017-04-19 09:06:38,IP Address,,1,75.97.239.178,100,151,True,2017-04-19 09:06:38,R_1N55m96iNjd5A12,,,,,40.799896240234,-75.733901977539,anonymous,1,Family,Main course,"Water,Non-alcoholic beverages",10,,,,,Bottled water,"Roasted pork loin with sweet potato purée, snap peas, and hazelnut-sage sauce: $26",Somewhat unreasonable,Female,35-49,Strongly Agree,20,26,0,573344
2017-04-19 09:38:19,2017-04-19 09:40:56,IP Address,,1,96.224.224.12,100,156,True,2017-04-19 09:40:57,R_ebUXvNglHhl7rfb,,,,,40.908294677734,-73.834602355957,anonymous,12,"Friends,Colleagues,Family","Appetizer,Main course","Non-alcoholic beverages,Beer or cider",70,One of our 20 draft craft beers,"Roasted pork loin with sweet potato purée, snap peas, and hazelnut-sage sauce: $20",5,Extremely reasonable,,,,Male,35-49,Strongly Agree,20,0,35.24,5015742
2017-04-19 10:01:12,2017-04-19 10:03:37,IP Address,,1,69.115.232.109,100,144,True,2017-04-19 10:03:37,R_3CUelPQyVaHgW1i,,,,,40.675994873047,-73.920600891113,anonymous,11,"Friends,Spouse / significant other,Family","Appetizer,Main course","Water,Non-alcoholic beverages,Wine,Beer or cider,Cocktails / mixed drinks",28,,,,,One of our 20 draft craft beers,Egg and spinach fettuccine with wild mushroom ragù and Parmesan: $21,Neither reasonable nor unreasonable,Female,18-34,Strongly Agree,20,30,0,7334491
2017-04-19 10:19:35,2017-04-19 10:21:20,IP Address,,1,67.243.170.105,100,104,True,2017-04-19 10:21:20,R_2QXaFf4FbSLXOV0,,,,,40.761199951172,-73.865097045898,anonymous,2,"Family,I eat alone",Main course,"Water,Non-alcoholic beverages,Beer or cider",60,,,,,Bottled water,Egg and spinach fettuccine with wild mushroom ragù and Parmesan: $21,Somewhat reasonable,Male,18-34,Strongly Agree,12,21,0,6622242
2017-04-19 13:01:46,2017-04-19 13:04:53,IP Address,,1,73.81.114.220,100,187,True,2017-04-19 13:04:54,R_1DSZX5wKJtTshsb,,,,,39.915298461914,-75.191398620605,anonymous,6,"Friends,Spouse / significant other,Family","Appetizer,Main course,Dessert","Water,Non-alcoholic beverages,Wine,Beer or cider,Cocktails / mixed drinks",30,One of our 20 draft craft beers,"Pizza with nettles, red onions, and ricotta: $18",6,Extremely reasonable,,,,Female,35-49,Strongly Agree,20,0,34.08,5399781
2017-04-19 14:18:49,2017-04-19 14:20:52,IP Address,,1,73.189.140.203,100,123,True,2017-04-19 14:20:52,R_2EhLxWfPNjmYsYB,,,,,37.044799804688,-122.10209655762,anonymous,1,Family,Main course,Water,25,,,,,Bottled water,"Pizza with nettles, red onions, and ricotta: $23",Somewhat reasonable,Female,35-49,Strongly Agree,15,23,0,8763806
2017-04-19 22:25:46,2017-04-19 22:28:29,IP Address,,1,66.87.117.144,100,163,True,2017-04-19 22:28:29,R_3FOFs8PyeHUcn0T,,,,,40.805603027344,-73.916900634766,anonymous,,"Spouse / significant other,Family","Appetizer,Main course,Dessert","Non-alcoholic beverages,Wine,Cocktails / mixed drinks",50,Red or white wine (from the wine list),"Pizza with nettles, red onions, and ricotta: $18",10,Extremely reasonable,,,,Female,18-34,Strongly Agree,5,0,41.32,8426490
2017-04-19 23:13:57,2017-04-19 23:17:22,IP Address,,1,68.3.233.15,100,205,True,2017-04-19 23:17:23,R_UVzoDVCLD8VfHON,,,,,33.386093139648,-111.84690093994,anonymous,3,"Friends,I eat alone",Main course,"Water,Non-alcoholic beverages,Beer or cider",5,,,,,Bottled water,Duck leg braised in the wood oven with Belgian endive and carrot relish: $31,Somewhat unreasonable,Male,18-34,Strongly Agree,50,31,0,2026364
2017-04-20 03:25:42,2017-04-20 03:27:57,IP Address,,1,76.171.88.143,100,135,True,2017-04-20 03:27:58,R_e8xRmcGoJAYOVXP,,,,,34.135894775391,-117.15530395508,anonymous,3,Family,"Appetizer,Main course",Beer or cider,40,,,,,One of our 5 national brand beers,"Roasted pork loin with sweet potato purée, snap peas, and hazelnut-sage sauce: $26",Somewhat reasonable,Male,35-49,Strongly Agree,20,33,0,1778723
2017-04-20 03:36:53,2017-04-20 03:40:56,IP Address,,1,68.80.152.73,100,243,True,2017-04-20 03:40:57,R_3QGkCaBvwE0prIo,,,,,39.948196411133,-75.30549621582,anonymous,4,"Friends,Spouse / significant other,Family","Appetizer,Main course","Water,Wine,Beer or cider,Cocktails / mixed drinks",60,,,,,One of our 20 draft craft beers,"Pan-fried fish and shellfish cakes with wild arugula, artichokes, and aïoli: $33",Somewhat unreasonable,Male,35-49,Strongly Agree,20,42,0,3249337
2017-04-20 03:49:09,2017-04-20 03:50:39,IP Address,,1,162.225.205.71,100,89,True,2017-04-20 03:50:39,R_20YezwxnSCntju8,,,,,38.585601806641,-121.37770080566,anonymous,4,Friends,"Appetizer,Main course",Cocktails / mixed drinks,60,Signature cocktail,"Roasted pork loin with sweet potato purée, snap peas, and hazelnut-sage sauce: $20",13,Somewhat reasonable,,,,Male,50-64,Strongly Agree,20,0,47.56,2885128
2017-04-20 05:35:22,2017-04-20 05:37:02,IP Address,,1,88.116.120.118,100,99,True,2017-04-20 05:37:03,R_3GlCNJnrdWcxOMP,,,,,47.414306640625,9.7420043945312,anonymous,7,"Spouse / significant other,Family","Appetizer,Main course",Wine,20,Red or white wine (from the wine list),Egg and spinach fettuccine with wild mushroom ragù and Parmesan: $16,4,Somewhat reasonable,,,,Female,35-49,Strongly Agree,18,0,33.16,6783439
2017-04-20 05:39:21,2017-04-20 05:41:30,IP Address,,1,98.114.101.46,100,128,True,2017-04-20 05:41:30,R_2YCTL6jcCh8IqEP,,,,,40.260498046875,-75.615501403809,anonymous,6,Spouse / significant other,Main course,"Non-alcoholic beverages,Beer or cider,Cocktails / mixed drinks",20,,,,,One of our 5 national brand beers,"Roasted pork loin with sweet potato purée, snap peas, and hazelnut-sage sauce: $26",Somewhat reasonable,Male,18-34,Strongly Agree,20,33,0,6563682
2017-04-20 06:57:00,2017-04-20 06:59:23,IP Address,,1,68.111.131.157,100,142,True,2017-04-20 06:59:23,R_3sh5mw6qmqqvg0e,,,,,33.200393676758,-117.29069519043,anonymous,3,Family,"Appetizer,Main course,Dessert","Water,Non-alcoholic beverages",50,,,,,Bottled water,"Pizza with nettles, red onions, and ricotta: $23",Somewhat reasonable,Prefer not to answer,18-34,Strongly Agree,15,23,0,5911022
2017-04-20 08:30:03,2017-04-20 08:33:07,IP Address,,1,130.58.165.82,100,183,True,2017-04-20 08:33:08,R_8hSgkC3dxjKrpXX,,,,,39.896392822266,-75.346298217773,anonymous,30,"Friends,Family",Main course,Water,12,,,,,Bottled water,"Roasted pork loin with sweet potato purée, snap peas, and hazelnut-sage sauce: $26",Neither reasonable nor unreasonable,Female,18-34,Strongly Agree,15,26,0,5849922
2017-04-20 09:05:18,2017-04-20 09:07:11,IP Address,,1,108.220.108.58,100,112,True,2017-04-20 09:07:11,R_3pfNm6uC2YFmS3U,,,,,35.204406738281,-118.86479949951,anonymous,2,Spouse / significant other,Main course,Water,9,Bottled water,Duck leg braised in the wood oven with Belgian endive and carrot relish: $24,2,Somewhat unreasonable,,,,Female,35-49,Strongly Agree,1,0,27.92,407422
2017-04-20 13:23:16,2017-04-20 13:25:58,IP Address,,1,216.49.19.156,100,162,True,2017-04-20 13:25:58,R_12zi64w1lFGhZae,,,,,40.939498901367,-75.969497680664,anonymous,8,Spouse / significant other,Main course,Non-alcoholic beverages,25,Bottled water,"Roasted pork loin with sweet potato purée, snap peas, and hazelnut-sage sauce: $20",4,Extremely reasonable,,,,Male,65 and above,Strongly Agree,18,0,25.6,1243187
2017-04-20 16:03:31,2017-04-20 16:05:07,IP Address,,1,172.100.152.63,100,96,True,2017-04-20 16:05:08,R_128U95UVhgWuW9k,,,,,42.104507446289,-79.251998901367,anonymous,3,"Spouse / significant other,Family",Main course,"Water,Non-alcoholic beverages,Wine,Beer or cider",15,,,,,Bottled water,"Pizza with nettles, red onions, and ricotta: $23",Neither reasonable nor unreasonable,Male,18-34,Strongly Agree,20,23,0,4278649
2017-04-20 16:49:51,2017-04-20 16:51:04,IP Address,,1,104.237.86.199,100,72,True,2017-04-20 16:51:04,R_2zOB8SlgoHiijrE,,,,,32.833404541016,-96.793601989746,anonymous,8,"Spouse / significant other,Family",Main course,"Water,Non-alcoholic beverages",50,Bottled water,"Pizza with nettles, red onions, and ricotta: $18",2,Neither reasonable nor unreasonable,,,,Female,35-49,Strongly Agree,5,0,21.44,1582001
2017-04-20 18:36:53,2017-04-20 18:39:22,IP Address,,1,142.129.43.23,100,149,True,2017-04-20 18:39:23,R_3iETgXcvXhetZZy,,,,,34.320999145508,-118.38299560547,anonymous,8,"Spouse / significant other,Family","Appetizer,Main course,Dessert","Water,Wine,Cocktails / mixed drinks",40,,,,,Red or white wine (from the wine list),"Pan-fried fish and shellfish cakes with wild arugula, artichokes, and aïoli: $33",Somewhat reasonable,Female,35-49,Strongly Agree,18,45,0,8959094
2017-04-20 23:02:00,2017-04-20 23:04:12,IP Address,,1,173.49.146.57,100,132,True,2017-04-20 23:04:12,R_1liC4X9645zMuHb,,,,,40.070098876953,-75.214500427246,anonymous,1,"Friends,Family",Main course,Beer or cider,35,,,,,One of our 20 draft craft beers,"Roasted pork loin with sweet potato purée, snap peas, and hazelnut-sage sauce: $26",Somewhat reasonable,Male,35-49,Strongly Agree,15,35,0,6681109
2017-04-21 06:31:09,2017-04-21 06:32:00,IP Address,,1,137.140.158.51,100,51,True,2017-04-21 06:32:00,R_2Y4gCv2dfaKsbfm,,,,,41.75830078125,-74.065696716309,anonymous,7,"Friends,Spouse / significant other,Family","Appetizer,Main course,Dessert","Non-alcoholic beverages,Wine,Beer or cider,Cocktails / mixed drinks",30,One of our 5 national brand beers,"Pizza with nettles, red onions, and ricotta: $18",5,Somewhat reasonable,,,,Female,18-34,Strongly Agree,15,0,30.92,9352058
2017-04-21 09:15:48,2017-04-21 09:18:30,IP Address,,1,64.203.227.92,100,161,True,2017-04-21 09:18:30,R_2feTfY8fVmklz56,,,,,32.438903808594,-80.746597290039,anonymous,3,"Friends,Spouse / significant other,Family","Appetizer,Main course","Water,Non-alcoholic beverages,Beer or cider,Cocktails / mixed drinks",40,One of our 20 draft craft beers,Duck leg braised in the wood oven with Belgian endive and carrot relish: $24,11,Extremely reasonable,,,,Female,18-34,Strongly Agree,30,0,45.56,6272984
2017-04-21 10:29:12,2017-04-21 10:30:58,IP Address,,1,74.79.195.110,100,106,True,2017-04-21 10:30:59,R_3LhjrGx5oA8PQ1v,,,,,43.315002441406,-76.046897888184,anonymous,2,"Friends,Family,I eat alone","Appetizer,Main course","Water,Cocktails / mixed drinks",15,,,,,Bottled water,Duck leg braised in the wood oven with Belgian endive and carrot relish: $31,Somewhat unreasonable,Male,18-34,Strongly Agree,10,31,0,5103122
2017-04-21 11:14:24,2017-04-21 11:15:43,IP Address,,1,208.72.140.138,100,79,True,2017-04-21 11:15:43,R_1ePfoiTFGnJ3au3,,,,,37.76969909668,-122.39329528809,anonymous,3,"Friends,Spouse / significant other",Main course,"Water,Non-alcoholic beverages",35,Bottled water,Egg and spinach fettuccine with wild mushroom ragù and Parmesan: $16,3,Somewhat reasonable,,,,Male,18-34,Strongly Agree,20,0,20.28,4246927
2017-04-21 15:11:04,2017-04-21 15:12:29,IP Address,,1,108.71.73.176,100,85,True,2017-04-21 15:12:30,R_1H02nUF0CF1Qgr8,,,,,34.076095581055,-118.14419555664,anonymous,9,Family,"Appetizer,Main course",Non-alcoholic beverages,40,,,,,Bottled water,"Pizza with nettles, red onions, and ricotta: $23",Somewhat reasonable,Female,18-34,Strongly Agree,20,23,0,9112785
2017-04-21 16:47:12,2017-04-21 16:49:28,IP Address,,1,47.151.56.96,100,135,True,2017-04-21 16:49:29,R_21hwGkg6sNvYQw1,,,,,33.945693969727,-118.03880310059,anonymous,15,I eat alone,"Main course,Dessert",Non-alcoholic beverages,40,,,,,Bottled water,"Roasted pork loin with sweet potato purée, snap peas, and hazelnut-sage sauce: $26",Extremely reasonable,Male,50-64,Strongly Agree,20,26,0,1762899
2017-04-21 18:37:08,2017-04-21 18:37:59,IP Address,,1,47.142.181.144,100,51,True,2017-04-21 18:37:59,R_2bQnzqvdfWMXqVH,,,,,34.604507446289,-120.39799499512,anonymous,7,Family,"Appetizer,Main course",Water,10,One of our 20 draft craft beers,"Roasted pork loin with sweet potato purée, snap peas, and hazelnut-sage sauce: $20",6,Somewhat reasonable,,,,Male,18-34,Strongly Agree,15,0,36.24,3795429
2017-04-21 19:41:23,2017-04-21 19:42:40,IP Address,,1,76.90.9.206,100,76,True,2017-04-21 19:42:40,R_1IdapJTaGQMgf7I,,,,,33.879898071289,-118.2133026123,anonymous,10,Family,Appetizer,Water,15,,,,,Bottled water,"Pizza with nettles, red onions, and ricotta: $23",Somewhat reasonable,Female,35-49,Strongly Agree,3,23,0,7375554
2017-04-21 20:34:23,2017-04-21 20:37:53,IP Address,,1,74.67.165.190,100,210,True,2017-04-21 20:37:54,R_3jSsEf58GgpRQNN,,,,,43.151794433594,-77.58519744873,anonymous,6,"Friends,Spouse / significant other,Family","Appetizer,Main course","Water,Wine,Beer or cider",25,One of our 20 draft craft beers,Egg and spinach fettuccine with wild mushroom ragù and Parmesan: $16,4,Somewhat reasonable,,,,Male,35-49,Strongly Agree,18,0,29.92,1258721
2017-04-21 20:39:14,2017-04-21 20:41:32,IP Address,,1,173.169.179.245,100,138,True,2017-04-21 20:41:33,R_1qV6Cllh9Vvx3gK,,,,,28.191101074219,-81.606796264648,anonymous,5,"Friends,Spouse / significant other,Family,I eat alone",Main course,"Water,Non-alcoholic beverages,Cocktails / mixed drinks",30,Bottled water,Egg and spinach fettuccine with wild mushroom ragù and Parmesan: $16,2.88,Somewhat reasonable,,,,Male,18-34,Strongly Agree,15,0,20.16,9378786
2017-04-22 04:16:54,2017-04-22 04:19:46,IP Address,,1,157.48.5.29,100,171,True,2017-04-22 04:19:47,R_22FxQ1EEMj1EE4C,,,,,16.300003051758,80.450012207031,anonymous,6,"Friends,Family",Main course,"Water,Cocktails / mixed drinks",10,Bottled water,"Pizza with nettles, red onions, and ricotta: $18",5,Neither reasonable nor unreasonable,,,,Male,18-34,Strongly Agree,20,0,24.44,8912624
2017-04-22 05:54:38,2017-04-22 05:57:57,IP Address,,1,207.255.139.84,100,199,True,2017-04-22 05:57:58,R_1diEvuoFpz73jcp,,,,,41.908798217773,-78.706298828125,anonymous,6,Family,Main course,"Water,Non-alcoholic beverages",15,,,,,Bottled water,"Roasted pork loin with sweet potato purée, snap peas, and hazelnut-sage sauce: $26",Somewhat reasonable,Male,50-64,Strongly Agree,10,26,0,5324818
2017-04-22 06:31:10,2017-04-22 06:33:14,IP Address,,1,50.48.133.146,100,123,True,2017-04-22 06:33:14,R_1OWfNTmtao8NDvo,,,,,43.141204833984,-77.632797241211,anonymous,5,Family,Main course,Water,20,Bottled water,"Roasted pork loin with sweet potato purée, snap peas, and hazelnut-sage sauce: $20",5,Somewhat reasonable,,,,Male,35-49,Strongly Agree,20,0,26.6,4794056
2017-04-22 08:23:27,2017-04-22 08:26:34,IP Address,,1,74.110.63.205,100,186,True,2017-04-22 08:26:34,R_3GBTi5TP2EGIlzw,,,,,42.709106445312,-78.830101013184,anonymous,1,Family,Main course,Non-alcoholic beverages,16,,,,,Bottled water,Egg and spinach fettuccine with wild mushroom ragù and Parmesan: $21,Somewhat unreasonable,Female,65 and above,Strongly Agree,15,21,0,2111667
2017-04-22 10:02:43,2017-04-22 10:04:50,IP Address,,1,68.8.230.210,100,127,True,2017-04-22 10:04:51,R_1KvXVCnd3HN89uu,,,,,32.720794677734,-117.09310150146,anonymous,4,"Friends,Family","Appetizer,Main course","Water,Non-alcoholic beverages",20,Bottled water,"Pizza with nettles, red onions, and ricotta: $18",4,Somewhat unreasonable,,,,Female,18-34,Strongly Agree,20,0,23.44,3529231
2017-04-22 10:36:25,2017-04-22 10:37:41,IP Address,,1,47.187.192.169,100,76,True,2017-04-22 10:37:41,R_1OMJXRnKQfwQ5RM,,,,,33.095199584961,-96.752403259277,anonymous,22,"Friends,Spouse / significant other,Family",Main course,"Water,Non-alcoholic beverages",15,,,,,One of our 5 national brand beers,Duck leg braised in the wood oven with Belgian endive and carrot relish: $31,Somewhat reasonable,Female,18-34,Strongly Agree,20,38,0,6934306
2017-04-22 11:27:22,2017-04-22 11:30:17,IP Address,,1,72.197.88.153,100,175,True,2017-04-22 11:30:17,R_5z060JEs13ivI7r,,,,,32.766296386719,-117.12930297852,anonymous,2,Friends,Main course,Water,15,,,,,Bottled water,"Pizza with nettles, red onions, and ricotta: $23",Somewhat unreasonable,Female,35-49,Strongly Agree,15,23,0,4741209
2017-04-22 11:30:09,2017-04-22 11:32:30,IP Address,,1,50.173.252.16,100,140,True,2017-04-22 11:32:30,R_1jva3hKJVqGcDFm,,,,,36.406295776367,-119.38090515137,anonymous,2,Family,Main course,Water,36,Bottled water,"Roasted pork loin with sweet potato purée, snap peas, and hazelnut-sage sauce: $20",5,Extremely reasonable,,,,Female,18-34,Strongly Agree,17,0,26.6,8614646
2017-04-22 11:39:04,2017-04-22 11:41:29,IP Address,,1,69.122.217.145,100,145,True,2017-04-22 11:41:30,R_UGQ1BaCd7bu3UfD,,,,,40.830902099609,-73.906997680664,anonymous,2,"Spouse / significant other,Family","Appetizer,Main course","Water,Non-alcoholic beverages",15,,,,,Bottled water,"Pan-fried fish and shellfish cakes with wild arugula, artichokes, and aïoli: $33",Somewhat unreasonable,Male,18-34,Strongly Agree,15,33,0,4208334
2017-04-22 12:09:07,2017-04-22 12:11:24,IP Address,,1,198.105.46.240,100,137,True,2017-04-22 12:11:25,R_2WVwXF8bSd71pFs,,,,,41.14680480957,-73.831802368164,anonymous,4,Spouse / significant other,"Appetizer,Main course","Wine,Beer or cider",75,One of our 20 draft craft beers,"Pan-fried fish and shellfish cakes with wild arugula, artichokes, and aïoli: $25",7,Somewhat reasonable,,,,Male,35-49,Strongly Agree,20,0,42.64,7526592
2017-04-22 12:51:42,2017-04-22 12:53:00,IP Address,,1,108.6.3.247,100,78,True,2017-04-22 12:53:01,R_1gS0H7EH7hLzxCY,,,,,41.08610534668,-73.928497314453,anonymous,3,"Friends,Family","Appetizer,Main course","Water,Non-alcoholic beverages,Wine,Beer or cider,Cocktails / mixed drinks",25,,,,,One of our 20 draft craft beers,"Pan-fried fish and shellfish cakes with wild arugula, artichokes, and aïoli: $33",Extremely reasonable,Female,18-34,Strongly Agree,20,42,0,1662952
2017-04-22 13:18:44,2017-04-22 13:20:51,IP Address,,1,201.9.59.201,100,127,True,2017-04-22 13:20:52,R_3g7Lfc1sz2xKzbH,,,,,-3.7183074951172,-38.54280090332,anonymous,8,Spouse / significant other,"Appetizer,Main course","Water,Wine,Beer or cider,Cocktails / mixed drinks",25,One of our 5 national brand beers,"Roasted pork loin with sweet potato purée, snap peas, and hazelnut-sage sauce: $20",3.5,Somewhat reasonable,,,,Male,35-49,Strongly Agree,15,0,31.58,1341061