V1,V2,V3,V4,V5,V6,V7,V8,V9,V10,total_no_tip,total_tip,mTurkCode,,Q1_1,Q2_1,Q2_2,Q2_3,Q2_4,Q2_5,Q3_1,Q3_2,Q3_3,Q4_1,Q4_2,Q4_3,Q4_4,Q4_5,Q5,,Q16,Q7,,Q23,Q28,Q8,Q29,Q30,Q31,Q36,Q32,Q34,Q35,LocationLatitude,LocationLongitude,LocationAccuracy,
ResponseID,ResponseSet,Name,ExternalDataReference,EmailAddress,IPAddress,Status,StartDate,EndDate,Finished,total_no_tip,total_tip,mTurkCode,-- Restaurant Experience Survey -- Please answer the following questions,How many times do you go out for dinner on a monthly basis?-Times eating out,"When going out to eat, who do you normally eat with?-Friends","When going out to eat, who do you normally eat with?-Spouse / significant other","When going out to eat, who do you normally eat with?-Colleagues","When going out to eat, who do you normally eat with?-Family","When going out to eat, who do you normally eat with?-I eat alone",Which courses do you usually order?-Appetizer,Which courses do you usually order?-Main course,Which courses do you usually order?-Dessert,Which of the following drinks do you normally order?-Water,Which of the following drinks do you normally order?-Non-alcoholic beverages,Which of the following drinks do you normally order?-Wine,Which of the following drinks do you normally order?-Beer or cider,Which of the following drinks do you normally order?-Cocktails / mixed drinks,"On average when going to dinner with a significant other, how much to you spend per person? (incl...","Welcome to our restaurant, please be seated. Here is a menu, please look it over and select what...",Beverage Menu,Dinner Menu,bill,Tip Amount $:,Bill Total: $ $e{ round( ( q://QID16/SelectedChoicesRecode + q://QID9/SelectedChoicesRecode ) * 1...,To what degree do you believe the cost of your meal was reasonable?,"Welcome to our restaurant, please be seated. Here is a menu, please look it over and select what...",Beverage Menu,Dinner Menu,Hospitality and tax included.,bill,Bill Total: $ $e{ q://QID30/SelectedChoicesRecode + q://QID31/SelectedChoicesRecode },To what degree do you believe the cost of your meal was reasonable?,LocationLatitude,LocationLongitude,LocationAccuracy,
R_4OzWxvySQn2phU5,Default Response Set,Anonymous,,,,1,2017-03-12 11:01:01,2017-03-12 11:01:47,1,,,26,1,,1,1,1,,,,1,,,,,1,,50,1,,16,1,,,1,,,,,,,,37.867202758789,-122.25680541992,-1,
R_3fl9byANhayUUo5,Default Response Set,Anonymous,,,,1,2017-03-12 15:12:23,2017-03-12 15:14:44,1,,,3,1,,1,1,1,,,,1,,,,,1,,50,1,,16,1,,,4,,,,,,,,37.867202758789,-122.25680541992,-1,
R_e3cEK1zgi1hnURn,Default Response Set,Anonymous,,,,1,2017-03-12 17:54:41,2017-03-12 17:55:11,1,,,74,1,,,,,1,,,1,,,,1,1,,34,1,6,18,1,23,1,3,,,,,,,,37.867202758789,-122.25680541992,-1,
R_1KydDtL0ryPheV4,Default Response Set,Anonymous,,,,1,2017-03-12 18:12:30,2017-03-12 18:12:52,1,,,99,1,,,,,,,,,,,,,,,,1,6,20,1,5,1,3,,,,,,,,37.867202758789,-122.25680541992,-1,
R_1DZsv4ttdX59jM8,Default Response Set,Anonymous,,,,1,2017-03-12 18:14:21,2017-03-12 18:14:48,1,,,80,1,,,1,,,,,1,,,,,1,,23,1,8,16,1,10,1,3,,,,,,,,37.867202758789,-122.25680541992,-1,
R_1i2kYr73QHUy1OM,Default Response Set,Anonymous,,,,1,2017-03-12 18:14:54,2017-03-12 18:15:22,1,,,34,1,,,,1,,1,,1,,,,,1,,20,1,11,20,1,23,1,3,,,,,,,,37.867202758789,-122.25680541992,-1,
R_2Qgl7UwBRsOdKuK,Default Response Set,Anonymous,,,,1,2017-03-12 18:20:41,2017-03-12 18:21:09,1,,,54,1,,,,,1,,,1,,,,,,1,45,1,8,20,1,6,1,3,,,,,,,,37.867202758789,-122.25680541992,-1,
R_00OCNA9WD3UaGl3,Default Response Set,Anonymous,,,,1,2017-03-13 10:08:33,2017-03-13 10:09:25,1,,,96,1,,,1,,,,,1,,,,,1,,23,,,,,,,,1,7,33,1,1,1,3,37.769104003906,-122.4449005127,-1,
R_2wdaot6FVwiFnV5,Default Response Set,Anonymous,,,,1,2017-03-13 10:09:28,2017-03-13 10:10:09,1,,,10,1,,,,,1,,,1,,,1,,,,23,1,8,18,1,5,1,3,,,,,,,,37.769104003906,-122.4449005127,-1,
R_33wIutZ09jRmi3Z,Default Response Set,Anonymous,,,,1,2017-03-14 18:45:16,2017-03-14 18:47:31,1,,,39,1,6,1,1,,,,1,1,,,,,1,1,40,,,,,,,,1,9,26,1,1,1,1,40.720901489258,-74.046798706055,-1,
R_1ikAKNdVhYSNb1j,Default Response Set,Anonymous,,,131.243.223.226,0,2017-03-19 13:22:00,2017-03-19 13:22:47,1,,,84,1,26,1,1,1,,,,1,,,,1,1,,60,1,6,18,1,5,1,3,,,,,,,,37.867202758789,-122.25680541992,-1,
R_OIrbWMBVwBQ7mxj,Default Response Set,Anonymous,,,82.13.77.160,0,2017-03-19 13:24:32,2017-03-19 13:26:32,1,,,64,1,3,,1,,,,1,1,1,1,,1,,,100,1,0,20,1,3,1,3,,,,,,,,52.199996948242,0.11669921875,-1,
R_1GZaNwHqRji5iJR,Default Response Set,Anonymous,,,136.33.99.125,0,2017-03-19 14:25:07,2017-03-19 14:27:33,1,0,25.6,2,1,6,,1,,,,,1,,,1,,,,25.00,1,0,20,1,4.00,1,3,,,,,,,,39.21159362793,-94.57389831543,-1,
R_UMCATFaHrBbj0iZ,Default Response Set,Anonymous,,,107.77.212.194,0,2017-03-19 16:20:53,2017-03-19 16:23:38,1,0,40.56,86,1,11,1,,,,1,1,1,,1,,,,1,30,1,12,20,1,6.00,1,2,,,,,,,,38.116500854492,-122.20909881592,-1,
R_1rHYpBj77Y2YB2H,Default Response Set,Anonymous,,,73.93.153.50,0,2017-03-19 16:58:17,2017-03-19 17:01:19,1,0,47.37,53,1,2,1,,,1,,1,1,1,,1,1,,1,30,1,12,25,1,7.41,1,2,,,,,,,,37.425003051758,-121.94599914551,-1,
R_80xx7GQ3uKj5hrX,Default Response Set,Anonymous,,,24.16.16.184,0,2017-03-19 21:52:57,2017-03-19 21:57:00,1,26,0,31,1,1,,1,,,,,1,,,1,,,,23.00,,,,,,,,1,0,26,1,1,1,3,47.720504760742,-122.20669555664,-1,
R_3huAvEwt24KqhWx,Default Response Set,Anonymous,,,98.114.240.222,0,2017-03-20 13:51:53,2017-03-20 13:55:21,1,0,22.28,44,1,9,1,1,,,,1,1,,,1,,,,44.00,1,0,16,1,5.00,1,1,,,,,,,,40.149200439453,-75.12850189209,-1,
R_6EUQps8yJPXfKLv,Default Response Set,Anonymous,,,,1,2017-03-20 17:53:43,2017-03-20 17:54:14,1,40,0,46,1,9,,,,1,,1,1,1,,,1,1,1,50,,,,,,,,1,7,33,1,1,1,1,41.582901000977,-75.325202941895,-1,
R_rl4nB6GffXGwbzH,Default Response Set,Anonymous,,,,1,2017-03-20 17:55:36,2017-03-20 17:56:05,1,0,38.4,0,1,14,1,,,,,,,1,,,,1,,15,1,6,24,1,6,1,4,,,,,,,,41.582901000977,-75.325202941895,-1,
R_1is5EhQ1Ad3HOyb,Default Response Set,Anonymous,,,69.140.21.146,0,2017-03-20 17:55:49,2017-03-20 17:59:49,1,0,30.92,77,1,2,1,,,,,1,1,,,,,1,1,30,1,8,16,1,5,1,2,,,,,,,,39.307495117188,-76.637802124023,-1,
R_2RWXmlUUAQI9hFp,Default Response Set,Anonymous,,,107.77.204.83,0,2017-03-22 04:31:43,2017-03-22 04:33:53,1,33,0,69,1,6,,1,,,,,1,1,,,1,,,60,,,,,,,,1,12,21,1,1,1,2,38.880996704102,-77.104301452637,-1,
R_1ZaQi8omltXLclP,Default Response Set,Anonymous,,,85.247.0.84,0,2017-03-30 11:54:24,2017-03-30 11:55:05,1,38,0,55,1,4,,1,,,,1,1,,,,1,,,45,,,,,,,,1,12,26,1,1,1,1,32.63330078125,-16.899993896484,-1,
R_WB48SiBZNFiAxG1,Default Response Set,Anonymous,,,24.32.208.26,0,2017-03-30 11:54:30,2017-03-30 11:55:15,1,21,0,36,1,4,1,1,,1,,,1,,1,,,,,10,,,,,,,,1,0,21,1,1,1,4,33.16259765625,-96.9375,-1,
R_3JcQwGIshsL29zj,Default Response Set,Anonymous,,,157.51.99.30,0,2017-03-30 11:54:15,2017-03-30 11:55:15,1,40,0,82,1,19,1,,,,,1,,,1,,,1,,20,,,,,,,,1,9,31,1,1,1,2,20,77,-1,
R_3Op0zsZA4OG7Vuw,Default Response Set,Anonymous,,,216.15.59.152,0,2017-03-30 11:54:13,2017-03-30 11:55:15,1,0,38.4,74,1,15,,1,,,,,1,,1,1,,,,15,1,12,18,1,6,1,5,,,,,,,,38.914398193359,-77.076301574707,-1,
R_2QJO6bEqS0t1bsb,Default Response Set,Anonymous,,,4.15.246.7,0,2017-03-30 11:54:26,2017-03-30 11:55:17,1,0,31.74,47,1,4,,,,1,,,1,,1,,,1,,20,1,8,20,1,1.50,1,2,,,,,,,,34.011505126953,-117.85350036621,-1,
R_08RnbRFG1rbKL61,Default Response Set,Anonymous,,,157.51.82.82,0,2017-03-30 11:54:22,2017-03-30 11:55:28,1,0,40.88,49,1,14,,,1,,,1,,,,,,1,,20,1,11,25,1,2,1,1,,,,,,,,20,77,-1,
R_1ZgucWKaVKVrewx,Default Response Set,Anonymous,,,47.36.229.204,0,2017-03-30 11:55:02,2017-03-30 11:55:57,1,26,0,84,1,10,,1,,1,,,1,,1,1,,,,10,,,,,,,,1,0,26,1,1,1,2,34.606506347656,-87.007797241211,-1,
R_8AKDLkfGMT97QFr,Default Response Set,Anonymous,,,1.23.249.181,0,2017-03-30 11:54:14,2017-03-30 11:55:58,1,0,40.36,31,1,4,1,1,1,1,,1,1,1,,1,,,1,50,1,12,24,1,1.48,1,1,,,,,,,,18.975006103516,72.825805664062,-1,
R_REVFC0r7zhVlP69,Default Response Set,Anonymous,,,36.73.136.243,0,2017-03-30 11:54:34,2017-03-30 11:55:58,1,0,34.32,54,1,17,1,,,,1,1,1,1,1,1,,1,,14,1,11,18,1,3,1,2,,,,,,,,-6.9931945800781,110.42028808594,-1,
R_1E5socMtURKIV6j,Default Response Set,Anonymous,,,198.45.3.104,0,2017-03-30 11:54:41,2017-03-30 11:56:01,1,26,0,51,1,10,,,,1,,1,1,,1,1,,,,20,,,,,,,,1,0,26,1,1,1,2,35.084503173828,-106.65110015869,-1,
R_5jyCXlcdv9DbonD,Default Response Set,Anonymous,,,104.174.223.0,0,2017-03-30 11:54:29,2017-03-30 11:56:08,1,26,0,96,1,1,,,,,1,,1,,1,,,,,15,,,,,,,,1,0,26,1,1,1,4,34.078994750977,-117.84939575195,-1,
R_1loTBYLZBvMu0FL,Default Response Set,Anonymous,,,109.177.166.138,0,2017-03-30 11:54:33,2017-03-30 11:56:14,1,30,0,23,1,30,1,1,,1,,,1,,1,,,1,,15,,,,,,,,1,9,21,1,1,1,2,25.357299804688,55.403305053711,-1,
R_1F95HYdpxgdCIjO,Default Response Set,Anonymous,,,59.99.209.16,0,2017-03-30 11:54:55,2017-03-30 11:56:27,1,0,41.32,57,1,6,1,1,,1,,1,,,,1,,1,,200,1,11,18,1,10,1,3,,,,,,,,10.992492675781,76.961395263672,-1,
R_8IJTGl5G8lm6le9,Default Response Set,Anonymous,,,142.112.128.228,0,2017-03-30 11:55:39,2017-03-30 11:56:34,1,21,0,32,1,4,,1,,,,,1,1,1,,,,,20,,,,,,,,1,0,21,1,1,1,2,43.665603637695,-79.383003234863,-1,
R_2UgOvXvaHXDnBoK,Default Response Set,Anonymous,,,157.51.38.217,0,2017-03-30 11:54:57,2017-03-30 11:56:35,1,0,28.26,66,1,2,1,1,,1,,,1,,,,,,1,20,1,8,18,1,.18,1,1,,,,,,,,20,77,-1,
R_3hllEr6shou4yBQ,Default Response Set,Anonymous,,,45.26.124.21,0,2017-03-30 11:55:34,2017-03-30 11:56:44,1,0,23.44,33,1,7,,1,,,,,1,,1,,,,,15,1,0,18,1,4.00,1,4,,,,,,,,34.148300170898,-84.140403747559,-1,
R_1IWZg618Pv1IHtm,Default Response Set,Anonymous,,,173.217.96.226,0,2017-03-30 11:56:05,2017-03-30 11:57:07,1,0,20.44,38,1,2,,,,1,,,1,,,1,,,,10,1,0,18,1,1,1,1,,,,,,,,30.13459777832,-93.273002624512,-1,
R_2bVuUYTHG8c7Moe,Default Response Set,Anonymous,,,103.74.16.168,0,2017-03-30 11:56:14,2017-03-30 11:57:37,1,35,0,76,1,10,1,,,1,,1,1,1,1,1,1,1,1,150,,,,,,,,1,14,21,1,1,1,2,18.975006103516,72.825805664062,-1,
R_2z7uHSgc7eZVJoC,Default Response Set,Anonymous,,,108.194.200.239,0,2017-03-30 11:56:23,2017-03-30 11:57:38,1,32,0,6,1,4,1,1,,1,,1,1,1,1,1,1,1,1,20,,,,,,,,1,9,23,1,1,1,5,29.549606323242,-90.588798522949,-1,
R_qw6wVulmuioXeBX,Default Response Set,Anonymous,,,68.57.5.46,0,2017-03-30 11:56:53,2017-03-30 11:57:40,1,0,19.28,91,1,0,,,,1,,,1,,1,,,,,15,1,0,16,1,2,1,2,,,,,,,,35.423904418945,-84.668098449707,-1,
R_10SZEvoHjesAXiW,Default Response Set,Anonymous,,,12.145.249.130,0,2017-03-30 11:56:40,2017-03-30 11:57:43,1,26,0,94,1,8,,1,,1,,,1,,1,1,,1,,17,,,,,,,,1,0,26,1,1,1,4,43.444107055664,-84.025497436523,-1,
R_3MuLr2lgFs0NTGV,Default Response Set,Anonymous,,,99.14.176.205,0,2017-03-30 11:55:33,2017-03-30 11:57:46,1,23,0,84,1,10,1,,,,,1,1,1,1,1,1,,,20,,,,,,,,1,0,23,1,1,1,1,30.057601928711,-82.602096557617,-1,
R_1Os3sVLioXaSung,Default Response Set,Anonymous,,,107.77.222.127,0,2017-03-30 11:57:26,2017-03-30 11:57:54,1,42,0,59,1,15,1,1,,,1,,1,,,,,,1,25,,,,,,,,1,9,33,1,1,1,2,29.58219909668,-95.760803222656,-1,
R_3Ms9WG3kPJud4AW,Default Response Set,Anonymous,,,98.213.58.56,0,2017-03-30 11:57:19,2017-03-30 11:58:06,1,23,0,23,1,1,1,,,,,,1,,,1,,,,20,,,,,,,,1,0,23,1,1,1,4,41.824798583984,-89.732696533203,-1,
R_1NeUVtMATktK0Sf,Default Response Set,Anonymous,,,98.155.26.235,0,2017-03-30 11:57:11,2017-03-30 11:58:07,1,0,23.44,59,1,4,1,,,,,,1,,1,,,,,20,1,0,18,1,4,1,1,,,,,,,,21.296005249023,-157.82739257812,-1,
R_1Qnkr8RD2WIgqXG,Default Response Set,Anonymous,,,169.149.129.80,0,2017-03-30 11:56:19,2017-03-30 11:58:19,1,0,25.76,39,1,9,1,,,,1,,1,,,,1,,,10,1,6,16,1,2,1,2,,,,,,,,31.325607299805,75.579193115234,-1,
R_s89HIeV3O1dokJH,Default Response Set,Anonymous,,,67.186.29.207,0,2017-03-30 11:57:57,2017-03-30 11:58:27,1,23,0,16,1,14,1,,,1,,1,1,1,,1,,,,20,,,,,,,,1,0,23,1,1,1,1,40.335601806641,-79.55069732666,-1,
R_daSn1mabkVpsQLf,Default Response Set,Anonymous,,,137.97.9.214,0,2017-03-30 11:57:07,2017-03-30 11:58:27,1,0,21.44,72,1,16,,,,1,,,1,,,1,,,,10,1,0,18,1,2,1,1,,,,,,,,9.9833068847656,76.283294677734,-1,
R_29cgWj1lZAVZwn3,Default Response Set,Anonymous,,,68.185.146.114,0,2017-03-30 11:57:03,2017-03-30 11:58:47,1,26,0,29,1,8,,1,,1,,,1,,1,,,,,20,,,,,,,,1,0,26,1,1,1,2,32.361694335938,-86.133598327637,-1,
R_1M5KRw0u2pbjVBu,Default Response Set,Anonymous,,,24.211.159.22,0,2017-03-30 11:57:42,2017-03-30 11:58:47,1,21,0,61,1,4,,1,,,,,1,,1,1,,,,8,,,,,,,,1,0,21,1,1,1,2,35.646102905273,-78.5791015625,-1,
R_1dzvrRkuapeyYOZ,Default Response Set,Anonymous,,,99.8.45.204,0,2017-03-30 11:57:04,2017-03-30 11:58:54,1,0,41.56,74,1,2,,,,1,,,1,,,1,,,,20,1,12,20,1,7,1,2,,,,,,,,29.832107543945,-95.734596252441,-1,
R_1LA1mTCoIdfYYb3,Default Response Set,Anonymous,,,76.8.187.104,0,2017-03-30 11:57:54,2017-03-30 11:59:02,1,0,22.44,93,1,4,,1,,,,1,1,,,1,,,,10.00,1,0,18,1,3,1,2,,,,,,,,37.487899780273,-82.495597839355,-1,
R_1mrDDOEBKznqLDj,Default Response Set,Anonymous,,,23.112.114.15,0,2017-03-30 11:57:44,2017-03-30 11:59:05,1,0,42.56,82,1,10,,1,,1,,1,1,1,,,,,1,25,1,12,20,1,8,1,2,,,,,,,,28.531097412109,-80.85230255127,-1,
R_1jODTiUSDoVPAIK,Default Response Set,Anonymous,,,122.163.42.169,0,2017-03-30 11:57:16,2017-03-30 11:59:17,1,0,44.96,86,1,10,1,,1,1,,1,1,1,1,1,,,,45,1,12,25,1,5,1,2,,,,,,,,22.569702148438,88.369689941406,-1,
R_1nOuY4Dupon0pop,Default Response Set,Anonymous,,,71.38.64.232,0,2017-03-30 11:58:01,2017-03-30 11:59:42,1,0,31.08,22,1,2,,,,1,,1,1,1,,1,,,,18,1,6,20,1,3,1,2,,,,,,,,36.151092529297,-115.110496521,-1,
R_1r1vtn6E0KwT8ll,Default Response Set,Anonymous,,,76.219.152.250,0,2017-03-30 11:58:16,2017-03-30 11:59:50,1,33,0,95,1,4,,,,1,,,1,,1,,,,,15,,,,,,,,1,0,33,1,1,1,4,39.97380065918,-86.176498413086,-1,
R_1riAxkf3oIypKzN,Default Response Set,Anonymous,,,85.255.57.102,0,2017-03-30 11:57:39,2017-03-30 11:59:58,1,28,0,82,1,4,1,1,,,,,1,1,,,,1,,25.00,,,,,,,,1,7,21,1,1,1,1,54.899993896484,23.899993896484,-1,
R_3rU7OmwaUxdEfEc,Default Response Set,Anonymous,,,68.227.12.219,0,2017-03-30 11:58:59,2017-03-30 12:00:04,1,0,21.44,48,1,12,1,,,1,,,1,,1,1,,,,15,1,0,18,1,2.00,1,2,,,,,,,,36.031600952148,-115.21179962158,-1,
R_3G6qoYKjE9oNnsl,Default Response Set,Anonymous,,,103.66.79.25,0,2017-03-30 11:59:04,2017-03-30 12:00:38,1,23,0,96,1,8,1,1,1,1,,1,1,1,1,1,,,,7,,,,,,,,1,0,23,1,1,1,2,12.983306884766,77.583312988281,-1,
R_TkhR8G7MW9BpAo9,Default Response Set,Anonymous,,,72.198.74.135,0,2017-03-30 11:59:45,2017-03-30 12:00:53,1,0,34.08,84,1,4,,1,,,,1,1,1,,,,1,,25,1,8,18,1,6.00,1,2,,,,,,,,35.481292724609,-97.577697753906,-1,
R_1yVa6Zg1yhDenp7,Default Response Set,Anonymous,,,108.232.39.22,0,2017-03-30 11:58:55,2017-03-30 12:00:55,1,0,24.6,41,1,3,,,,1,,,1,,1,1,,,,15,1,0,20,1,3,1,2,,,,,,,,35.462295532227,-97.341903686523,-1,
R_2eW09dwF3xfdjqV,Default Response Set,Anonymous,,,100.4.117.19,0,2017-03-30 12:00:14,2017-03-30 12:01:07,1,40,0,98,1,3,1,,,1,1,1,1,,1,1,1,1,1,45,,,,,,,,1,9,31,1,1,1,2,37.702194213867,-75.659202575684,-1,
R_33kCIGc5ylhz6EL,Default Response Set,Anonymous,,,99.99.206.123,0,2017-03-30 12:01:22,2017-03-30 12:02:21,1,0,32,93,1,2,1,,,1,,,1,,,1,,,,20,1,0,25,1,5,1,4,,,,,,,,43.705307006836,-84.237701416016,-1,
R_2f0wWT1DsMihTE6,Default Response Set,Anonymous,,,188.169.53.183,0,2017-03-30 12:00:33,2017-03-30 12:02:25,1,23,0,68,1,6,1,,,,,,,1,,1,,,,20,,,,,,,,1,0,23,1,1,1,3,41.725006103516,44.790802001953,-1,
R_1mjWcpN656d5lC2,Default Response Set,Anonymous,,,184.155.9.64,0,2017-03-30 12:01:17,2017-03-30 12:02:42,1,0,21.28,73,1,10,,1,,1,,1,1,,1,,,,,12,1,0,16,1,4,1,2,,,,,,,,30.473007202148,-89.149398803711,-1,
R_1IL6Yqz82yBvPKq,Default Response Set,Anonymous,,,108.206.197.230,0,2017-03-30 12:00:41,2017-03-30 12:02:46,1,40,0,37,1,2,,,,1,,,1,,1,1,,,,20,,,,,,,,1,9,31,1,1,1,2,41.803207397461,-88.134101867676,-1,
R_2XpMkWGgso2QtDj,Default Response Set,Anonymous,,,67.235.9.80,0,2017-03-30 12:01:46,2017-03-30 12:02:49,1,23,0,55,1,1,,,,,1,,1,,,1,,,,20,,,,,,,,1,0,23,1,1,1,2,39.932006835938,-77.706901550293,-1,
R_1dsGMxcMHtvzLja,Default Response Set,Anonymous,,,124.123.7.164,0,2017-03-30 12:01:23,2017-03-30 12:03:12,1,0,33.4,82,1,8,1,1,1,,,1,1,,1,1,,,,15,1,12,18,1,1,1,2,,,,,,,,17.375305175781,78.474395751953,-1,
R_2dpcfnbIjMe4PuX,Default Response Set,Anonymous,,,98.4.196.141,0,2017-03-30 12:01:53,2017-03-30 12:03:13,1,23,0,58,1,2,1,,,,,1,1,,1,,,,,25,,,,,,,,1,0,23,1,1,1,2,42.835601806641,-78.748397827148,-1,
R_1DA3Djq4QTdnhMi,Default Response Set,Anonymous,,,103.219.60.242,0,2017-03-30 12:01:43,2017-03-30 12:03:51,1,0,39.88,68,1,17,1,,,1,,1,1,,1,,1,,,8,1,11,25,1,1,1,2,,,,,,,,15.86669921875,74.5,-1,
R_1GUZrfqKwK7PK6A,Default Response Set,Anonymous,,,117.209.131.30,0,2017-03-30 12:02:01,2017-03-30 12:03:52,1,0,83.72,13,1,20,1,,1,,,1,1,,1,,1,,,60,1,8,18,1,55.64,1,4,,,,,,,,11.25,75.766693115234,-1,
R_2Xntcq6fI0fRQJb,Default Response Set,Anonymous,,,76.179.60.26,0,2017-03-30 12:03:35,2017-03-30 12:04:02,1,26,0,9,1,5,,1,,,,1,1,,,1,,,,25,,,,,,,,1,0,26,1,1,1,3,43.717300415039,-71.716300964355,-1,
R_30cUPe5xSdye53L,Default Response Set,Anonymous,,,103.207.4.2,0,2017-03-30 12:03:25,2017-03-30 12:04:24,1,28,0,87,1,9,1,,1,1,,,1,1,,1,,,,20,,,,,,,,1,7,21,1,1,1,2,11.350006103516,77.733306884766,-1,
R_6yhtyIqH1eH1PR7,Default Response Set,Anonymous,,,47.142.47.247,0,2017-03-30 12:03:56,2017-03-30 12:04:56,1,0,32.16,76,1,2,,1,,1,,,1,,1,,,1,1,15,1,11,16,1,3.00,1,1,,,,,,,,33.928894042969,-116.48809814453,-1,
R_Rl8XcrQagjlpV5f,Default Response Set,Anonymous,,,137.97.8.254,0,2017-03-30 12:03:23,2017-03-30 12:05:05,1,0,43.88,22,1,18,1,,,1,,,1,1,,1,1,,1,50,1,12,24,1,5,1,1,,,,,,,,9.8500061035156,76.966705322266,-1,
R_2frm4Rth5FEcmVe,Default Response Set,Anonymous,,,50.78.98.180,0,2017-03-30 12:04:13,2017-03-30 12:05:12,1,26,0,94,1,3,1,1,,,,,1,,1,,,,,15,,,,,,,,1,0,26,1,1,1,3,37.865798950195,-122.27500152588,-1,
R_1l0RoeNnln3TfTn,Default Response Set,Anonymous,,,68.192.255.157,0,2017-03-30 12:05:51,2017-03-30 12:07:05,1,35,0,20,1,3,,,,1,,1,1,,1,,1,1,1,30,,,,,,,,1,9,26,1,1,1,1,40.758697509766,-73.173698425293,-1,
R_2dEKlzRR6kgmAKT,Default Response Set,Anonymous,,,173.46.78.179,0,2017-03-30 12:05:08,2017-03-30 12:07:18,1,0,32,1,1,5,,1,,1,,,1,,1,1,,,,15.00,1,0,25,1,5.00,1,2,,,,,,,,37.396102905273,-121.96170043945,-1,
R_e54cOGRfAcY53b3,Default Response Set,Anonymous,,,103.219.244.126,0,2017-03-30 12:07:44,2017-03-30 12:08:33,1,0,33.08,2,1,10,1,,,1,,1,1,,1,,,,,5,1,8,18,1,5,1,2,,,,,,,,11.929992675781,79.829986572266,-1,
R_2SkHaRa33VgptWs,Default Response Set,Anonymous,,,117.98.176.75,0,2017-03-30 12:06:58,2017-03-30 12:08:35,1,23,0,0,1,3,,1,,,,1,1,,1,1,,,,30,,,,,,,,1,0,23,1,1,1,2,10.992492675781,76.961395263672,-1,
R_D2hpEsaZfJgACtP,Default Response Set,Anonymous,,,108.35.168.146,0,2017-03-30 12:07:36,2017-03-30 12:08:48,1,0,30.92,76,1,3,1,,,1,,,1,1,1,,,,,20,1,0,24,1,5,1,2,,,,,,,,41.013198852539,-74.264297485352,-1,
R_1ImfpN9dyU0DZLo,Default Response Set,Anonymous,,,200.84.221.25,0,2017-03-30 12:05:08,2017-03-30 12:09:45,1,32,0,18,1,4,,1,,1,,,1,1,1,,,1,,60,,,,,,,,1,9,23,1,1,1,1,7.7669067382812,-72.224998474121,-1,
R_BLZ60powOEOPEI1,Default Response Set,Anonymous,,,157.49.0.43,0,2017-03-30 12:08:06,2017-03-30 12:10:24,1,23,0,80,1,19,1,1,1,1,1,1,1,1,1,,,1,1,25,,,,,,,,1,0,23,1,1,1,2,12.983306884766,77.583312988281,-1,
R_2aWBXGOo3jCjaZo,Default Response Set,Anonymous,,,24.12.154.253,0,2017-03-30 12:09:21,2017-03-30 12:10:53,1,38,0,49,1,10,,1,,1,,1,1,,1,,,1,,30,,,,,,,,1,7,31,1,1,1,2,42.169494628906,-87.958801269531,-1,
R_2OYGMU8MyxzKJoL,Default Response Set,Anonymous,,,136.61.83.179,0,2017-03-30 12:08:51,2017-03-30 12:11:12,1,0,26.6,88,1,2,1,,,,,,1,1,,1,,,,17,1,0,20,1,5,1,5,,,,,,,,39.083694458008,-94.583801269531,-1,
R_OxuDoXkdkfuHMGZ,Default Response Set,Anonymous,,,103.219.244.18,0,2017-03-30 12:09:46,2017-03-30 12:11:33,1,0,30.92,84,1,19,1,,,,,1,,,1,,,,,100,1,6,18,1,5,1,1,,,,,,,,13.083297729492,80.283294677734,-1,
R_sB9fUxYYPVtD28x,Default Response Set,Anonymous,,,103.219.244.18,0,2017-03-30 12:09:53,2017-03-30 12:11:34,1,40,0,70,1,17,1,,,,,1,,,1,,,,,100,,,,,,,,1,7,33,1,1,1,1,13.083297729492,80.283294677734,-1,
R_2WZ221QlG0KvGVY,Default Response Set,Anonymous,,,103.66.79.103,0,2017-03-30 12:10:29,2017-03-30 12:12:04,1,30,0,86,1,5,1,,1,,,,1,,1,,,,,20,,,,,,,,1,9,21,1,1,1,3,9.9333038330078,78.11669921875,-1,
R_2VC814pdr04vShQ,Default Response Set,Anonymous,,,122.164.48.126,0,2017-03-30 12:10:37,2017-03-30 12:12:50,1,0,34.56,94,1,18,1,,,,,,1,,,,,1,,200,1,8,24,1,0,1,3,,,,,,,,13.083297729492,80.283294677734,-1,
R_2ZU1W9gpAaBbMAI,Default Response Set,Anonymous,,,73.66.219.203,0,2017-03-30 12:12:58,2017-03-30 12:13:32,1,0,30.92,92,1,6,1,,,,,,1,,,,,1,,15,1,6,18,1,5,1,2,,,,,,,,37.636901855469,-121.01710510254,-1,
R_udFlg9ugWvYHd8B,Default Response Set,Anonymous,,,75.91.113.232,0,2017-03-30 12:12:53,2017-03-30 12:14:40,1,33,0,57,1,4,,1,,,,,1,,,,,1,,20,,,,,,,,1,7,26,1,1,1,4,41.38639831543,-81.30419921875,-1,
R_1l6qDmmGQ3E352q,Default Response Set,Anonymous,,,68.226.245.216,0,2017-03-30 12:14:35,2017-03-30 12:16:10,1,21,0,97,1,2,,1,,,,,1,,,1,,,,24,,,,,,,,1,0,21,1,1,1,2,30.160507202148,-92.033203125,-1,
R_2D7XDvfNqndu69X,Default Response Set,Anonymous,,,117.223.245.182,0,2017-03-30 12:12:03,2017-03-30 12:16:31,1,0,20.18,9,1,10,1,1,1,1,1,,1,,1,1,,,,20,1,0,18,1,0.74,1,1,,,,,,,,10.992492675781,76.961395263672,-1,
R_3JauQNfjLcI917v,Default Response Set,Anonymous,,,70.214.108.201,0,2017-03-30 12:16:26,2017-03-30 12:17:31,1,0,23.18,47,1,5,1,,,,,,1,,1,,,,,15,1,0,18,1,3.74,1,2,,,,,,,,40.780502319336,-73.951202392578,-1,
R_0D6I7wEvKlxZjTH,Default Response Set,Anonymous,,,68.103.217.75,0,2017-03-30 12:18:34,2017-03-30 12:19:24,1,30,0,29,1,5,,1,,,,1,1,,,,,1,,25,,,,,,,,1,7,23,1,1,1,2,37.072998046875,-95.61840057373,-1,
R_28XNXpmwIzoruSV,Default Response Set,Anonymous,,,98.237.161.226,0,2017-03-30 12:17:53,2017-03-30 12:19:37,1,30,0,12,1,2,,1,,,,,1,,1,,,1,,25,,,,,,,,1,9,21,1,1,1,4,47.223907470703,-122.44599914551,-1,
R_0AFuBCru6pepdrr,Default Response Set,Anonymous,,,67.163.103.162,0,2017-03-30 12:18:16,2017-03-30 12:19:47,1,0,32,39,1,4,1,1,,,,1,1,,,,,,1,25,1,0,25,1,5.00,1,2,,,,,,,,37.955001831055,-77.437202453613,-1,
R_yyl6J2ItAwoKXAt,Default Response Set,Anonymous,,,157.49.7.220,0,2017-03-30 12:18:41,2017-03-30 12:19:50,1,0,29.44,80,1,18,1,,1,1,,,1,1,1,,,,1,100,1,0,18,1,10,1,1,,,,,,,,12.983306884766,77.583312988281,-1,
R_2VOr4FiHWyyTAjT,Default Response Set,Anonymous,,,190.113.209.210,0,2017-03-30 12:19:52,2017-03-30 12:20:44,1,32,0,78,1,11,1,,1,,1,,1,1,1,1,,,,15,,,,,,,,1,9,23,1,1,1,2,-12.067794799805,-77.088600158691,-1,
R_xxEyoK6Yhi9nepP,Default Response Set,Anonymous,,,134.223.230.158,0,2017-03-30 12:21:12,2017-03-30 12:22:44,1,0,22.44,23,1,6,1,,,1,,,1,,1,1,,,,30,1,0,18,1,3,1,2,,,,,,,,34.054397583008,-118.2440032959,-1,
R_29rVEsyJD2G29Ic,Default Response Set,Anonymous,,,96.18.42.44,0,2017-03-30 12:22:41,2017-03-30 12:24:27,1,26,0,85,1,1,1,,,,,,1,1,,,,,1,30,,,,,,,,1,0,26,1,1,1,2,43.727600097656,-116.49369812012,-1,
R_1CDSIZskX1IkDzL,Default Response Set,Anonymous,,,173.94.78.34,0,2017-03-30 12:23:47,2017-03-30 12:24:42,1,33,0,31,1,2,,,,1,1,1,1,,1,,,1,1,20,,,,,,,,1,0,33,1,1,1,4,35.898696899414,-80.574096679688,-1,
R_2cBkdojNrwvffh3,Default Response Set,Anonymous,,,123.136.218.237,0,2017-03-30 12:21:55,2017-03-30 12:25:13,1,0,30.92,62,1,10,1,1,,1,,,1,,,1,,1,,100,1,6,18,1,5,1,1,,,,,,,,12.983306884766,77.583312988281,-1,
R_6Gp4JRVSzUkLztT,Default Response Set,Anonymous,,,60.254.11.225,0,2017-03-30 12:24:49,2017-03-30 12:26:37,1,21,0,93,1,25,1,,,,,,1,,,1,,,,10,,,,,,,,1,0,21,1,1,1,2,18.975006103516,72.825805664062,-1,
R_1BY3hoJNUemkOiL,Default Response Set,Anonymous,,,99.177.222.29,0,2017-03-30 12:25:28,2017-03-30 12:26:38,1,0,18.28,97,1,3,,,,1,,,1,,1,1,,,,15,1,0,16,1,1,1,4,,,,,,,,38.601898193359,-89.913803100586,-1,
R_25MvyaGC3PzXBRL,Default Response Set,Anonymous,,,108.171.159.47,0,2017-03-30 12:26:51,2017-03-30 12:29:19,1,0,35.48,52,1,12,,,,1,,1,1,1,1,1,,1,1,10,1,6,25,1,2,1,1,,,,,,,,12.835800170898,80.202514648438,-1,
R_273EDzXnlfJv4Jl,Default Response Set,Anonymous,,,37.201.194.218,0,2017-03-30 12:26:25,2017-03-30 12:29:31,1,0,30.92,34,1,10,1,1,1,1,,,1,1,1,,1,1,,25,1,8,16,1,5,1,2,,,,,,,,51.216705322266,6.7666931152344,-1,
R_2XaFnWWAeFaZ1Cw,Default Response Set,Anonymous,,,43.242.226.78,0,2017-03-30 12:28:24,2017-03-30 12:29:56,1,35,0,100,1,3,1,,,1,,1,1,,1,1,,,1,25,,,,,,,,1,14,21,1,1,1,2,18.975006103516,72.825805664062,-1,
R_cZ7Ba23hSYXWTS1,Default Response Set,Anonymous,,,103.58.116.138,0,2017-03-30 12:27:27,2017-03-30 12:29:58,1,47,0,9,1,10,1,1,,1,,1,1,1,1,,1,,1,75,,,,,,,,1,14,33,1,1,1,1,11.233306884766,78.166687011719,-1,
R_2ygrB2jk7MZKEqy,Default Response Set,Anonymous,,,73.66.219.203,0,2017-03-30 12:29:37,2017-03-30 12:30:09,1,0,30.92,90,1,3,,1,,,,,1,,,,,1,,20,1,6,18,1,5,1,2,,,,,,,,37.636901855469,-121.01710510254,-1,
R_3eafzUOITXhZV4l,Default Response Set,Anonymous,,,216.47.62.92,0,2017-03-30 12:29:07,2017-03-30 12:30:11,1,23,0,53,1,2,,1,,,1,,1,,1,,,,,22,,,,,,,,1,0,23,1,1,1,3,47.5625,-115.44200134277,-1,
R_3KIwhmZMcEpJoAh,Default Response Set,Anonymous,,,198.203.181.181,0,2017-03-30 12:28:32,2017-03-30 12:30:16,1,33,0,99,1,5,1,1,1,,,1,1,1,1,1,1,1,1,30,,,,,,,,1,7,26,1,1,1,1,45.046905517578,-93.426597595215,-1,
R_1gTknsSHtwtZFK9,Default Response Set,Anonymous,,,203.223.191.154,0,2017-03-30 12:28:54,2017-03-30 12:30:25,1,0,29,64,1,15,1,,1,,,,1,,,,1,,,5,1,0,25,1,2,1,4,,,,,,,,10.992492675781,76.961395263672,-1,
R_vV9sOuFHw7CkuyZ,Default Response Set,Anonymous,,,73.114.83.51,0,2017-03-30 12:30:44,2017-03-30 12:31:15,1,23,0,7,1,6,,1,,,,,1,,,1,,,,12,,,,,,,,1,0,23,1,1,1,2,41.873397827148,-70.63939666748,-1,
R_bI2KF033aeZu5S9,Default Response Set,Anonymous,,,117.246.75.155,0,2017-03-30 12:30:20,2017-03-30 12:31:45,1,23,0,34,1,18,1,,,1,,,1,1,1,1,,,,60,,,,,,,,1,0,23,1,1,1,1,10.992492675781,76.961395263672,-1,
R_2VwLQm77X4RGwF0,Default Response Set,Anonymous,,,98.94.17.127,0,2017-03-30 12:30:17,2017-03-30 12:31:56,1,0,30.92,53,1,5,,,,1,,1,1,,1,1,,,,100,1,0,24,1,5.00,1,2,,,,,,,,33.448303222656,-81.692100524902,-1,
R_3J5cfR2A5plZ8X2,Default Response Set,Anonymous,,,71.47.227.74,0,2017-03-30 12:31:23,2017-03-30 12:32:46,1,0,30.92,20,1,4,,1,,1,,1,1,1,1,1,,1,,15,1,6,18,1,5,1,2,,,,,,,,28.149002075195,-80.652801513672,-1,
R_1jQb72DMMTs8XRL,Default Response Set,Anonymous,,,173.130.166.80,0,2017-03-30 12:31:23,2017-03-30 12:34:22,1,0,31.24,97,1,4,,1,,,,1,1,,,1,,,,25,1,0,24,1,5.32,1,3,,,,,,,,28.934097290039,-81.959899902344,-1,
R_1lAkxXElEpuscjB,Default Response Set,Anonymous,,,72.208.193.156,0,2017-03-30 12:32:59,2017-03-30 12:34:23,1,31,0,78,1,11,,,,1,,1,1,,1,,,,,55,,,,,,,,1,0,31,1,1,1,2,33.247894287109,-111.78949737549,-1,
R_6J97xaZwf6UEWFX,Default Response Set,Anonymous,,,117.192.32.49,0,2017-03-30 12:35:20,2017-03-30 12:37:21,1,33,0,26,1,2,1,,,,,,1,,1,,,,,180,,,,,,,,1,0,33,1,1,1,2,12.983306884766,77.583312988281,-1,
R_DvJB4Yb73Cslz8Z,Default Response Set,Anonymous,,,98.5.211.41,0,2017-03-30 12:36:01,2017-03-30 12:37:25,1,0,33.08,83,1,4,1,,,,,,1,,,,,1,,30,1,8,18,1,5,1,2,,,,,,,,42.951599121094,-78.894096374512,-1,
R_PTCZSxY3EcaSwAF,Default Response Set,Anonymous,,,70.50.50.38,0,2017-03-30 12:35:47,2017-03-30 12:37:41,1,0,28.6,22,1,8,1,1,,,,1,1,1,,1,,,,30.00,1,0,20,1,7.00,1,1,,,,,,,,45.046600341797,-76.475700378418,-1,
R_8D5GHd7nBWziK65,Default Response Set,Anonymous,,,157.48.5.23,0,2017-03-30 12:35:48,2017-03-30 12:39:01,1,38,0,62,1,4,1,1,1,1,,,1,,1,,,1,,12,,,,,,,,1,7,31,1,1,1,1,17.375305175781,78.474395751953,-1,
R_3gXjl8LRmgahPgM,Default Response Set,Anonymous,,,49.207.63.39,0,2017-03-30 12:36:52,2017-03-30 12:39:04,1,0,35.24,38,1,18,,1,,,,1,1,,1,,,1,1,200,1,8,20,1,5,1,2,,,,,,,,12.983306884766,77.583312988281,-1,
R_21t7cJcK3eEkLr8,Default Response Set,Anonymous,,,157.49.6.135,0,2017-03-30 12:37:35,2017-03-30 12:39:20,1,23,0,29,1,5,,,,1,1,,1,1,,1,,,,25,,,,,,,,1,0,23,1,1,1,2,12.983306884766,77.583312988281,-1,
R_2sTK7N0tk3riRQv,Default Response Set,Anonymous,,,43.252.31.194,0,2017-03-30 12:38:46,2017-03-30 12:42:00,1,45,0,36,1,30,,1,1,,,,1,1,,,1,1,,100,,,,,,,,1,12,33,1,1,1,1,28.466705322266,77.033294677734,-1,
R_1ilEKU8Wlv70M3T,Default Response Set,Anonymous,,,71.41.136.212,0,2017-03-30 12:40:30,2017-03-30 12:42:31,1,0,21.44,47,1,2,,,,,1,,1,,,1,,,,17,1,0,18,1,2.00,1,2,,,,,,,,29.507293701172,-98.574699401855,-1,
R_1mJYdFB5kyrq8zp,Default Response Set,Anonymous,,,74.74.116.228,0,2017-03-30 12:41:54,2017-03-30 12:42:47,1,33,0,89,1,2,,1,,1,,,1,,,1,,,,15,,,,,,,,1,0,33,1,1,1,2,42.104507446289,-79.251998901367,-1,
R_2VRc4PAClYtlGX2,Default Response Set,Anonymous,,,14.99.31.137,0,2017-03-30 12:40:34,2017-03-30 12:43:24,1,0,20.18,26,1,2,,,,1,,,,1,,1,,,,200,1,0,18,1,0.74,1,1,,,,,,,,20,77,-1,
R_2EFAtFle3MKCixt,Default Response Set,Anonymous,,,49.207.177.93,0,2017-03-30 12:40:59,2017-03-30 12:43:29,1,23,0,17,1,12,,1,,,1,1,1,1,1,,,,,3,,,,,,,,1,0,23,1,1,1,1,13.083297729492,80.283294677734,-1,
R_3svTW8C204kfdoZ,Default Response Set,Anonymous,,,70.196.83.122,0,2017-03-30 12:44:39,2017-03-30 12:46:46,1,0,26.6,34,1,5,,1,,,,1,1,,1,1,,,,40,1,0,20,1,5,1,2,,,,,,,,30.005004882812,-95.487998962402,-1,
R_BVCEI9sSVHtWBod,Default Response Set,Anonymous,,,173.28.234.73,0,2017-03-30 12:45:52,2017-03-30 12:48:09,1,0,18.28,13,1,4,1,,,1,,,1,,1,,,,,10,1,0,16,1,1.00,1,4,,,,,,,,32.481399536133,-84.903297424316,-1,
R_6icX6LNAKTh31zX,Default Response Set,Anonymous,,,103.46.193.2,0,2017-03-30 12:47:39,2017-03-30 12:49:47,1,45,0,72,1,12,,1,,,,1,1,1,1,1,,,1,200,,,,,,,,1,14,31,1,1,1,1,28.600006103516,77.200012207031,-1,
R_daIchvTAy3ws6Rz,Default Response Set,Anonymous,,,206.188.63.183,0,2017-03-30 12:49:05,2017-03-30 12:49:48,1,23,0,90,1,14,1,1,,,1,,1,,1,,,,,30,,,,,,,,1,0,23,1,1,1,4,47.390899658203,-122.26370239258,-1,
R_3paIPRXgsuX1f2i,Default Response Set,Anonymous,,,73.231.141.43,0,2017-03-30 12:50:27,2017-03-30 12:51:13,1,0,40.56,71,1,6,,1,,,,,1,,,,,,1,25,1,12,20,1,6,1,4,,,,,,,,37.236206054688,-121.82890319824,-1,
R_PNzOR0qR69mFwwp,Default Response Set,Anonymous,,,204.195.5.31,0,2017-03-30 12:50:07,2017-03-30 12:51:27,1,30,0,29,1,4,1,1,,,,,1,1,,,1,1,1,30,,,,,,,,1,7,23,1,1,1,2,47.99609375,-123.25189971924,-1,
R_T5zQCpTbFgiEUIF,Default Response Set,Anonymous,,,90.116.110.79,0,2017-03-30 12:49:02,2017-03-30 12:52:23,1,0,31.08,25,1,12,1,,1,1,,,1,,1,,1,,1,30,1,6,20,1,3,1,2,,,,,,,,43.703094482422,7.2660980224609,-1,
R_2fy58Sdc6O5cqKf,Default Response Set,Anonymous,,,73.231.141.43,0,2017-03-30 12:51:49,2017-03-30 12:52:35,1,23,0,53,1,4,,1,,1,,,1,,1,,,,,20,,,,,,,,1,0,23,1,1,1,2,37.236206054688,-121.82890319824,-1,
R_C2h4zE4qALbQ3Bv,Default Response Set,Anonymous,,,76.127.153.68,0,2017-03-30 12:51:30,2017-03-30 12:53:15,1,0,30.92,75,1,5,,1,,1,,1,1,,1,,,1,,15,1,8,16,1,5.00,1,1,,,,,,,,42.883895874023,-70.871696472168,-1,
R_1kFkKmLLOcyZqtx,Default Response Set,Anonymous,,,200.1.171.150,0,2017-03-30 12:49:27,2017-03-30 12:55:08,1,0,30.92,46,1,6,,1,,1,,1,1,1,1,1,,,1,30,1,6,18,1,5,1,2,,,,,,,,10.5,-66.916702270508,-1,
R_1CBczZoAtegw30T,Default Response Set,Anonymous,,,73.193.97.218,0,2017-03-30 12:54:53,2017-03-30 12:56:30,1,21,0,1,1,3,,,,1,,,1,,,1,,,,25,,,,,,,,1,0,21,1,1,1,2,47.672698974609,-122.18730163574,-1,
R_3KHKUM89DRyshh5,Default Response Set,Anonymous,,,79.126.164.196,0,2017-03-30 12:55:04,2017-03-30 12:57:37,1,45,0,22,1,4,,1,,,,1,1,1,,,1,,,200,,,,,,,,1,12,33,1,1,1,1,41.996505737305,21.431396484375,-1,
R_2rZ9D2gNkT6EJ4K,Default Response Set,Anonymous,,,116.202.36.78,0,2017-03-30 12:56:14,2017-03-30 12:58:15,1,0,44.56,34,1,3,,,,1,,,1,,,,,,1,25,1,12,20,1,10,1,4,,,,,,,,28.570007324219,77.320007324219,-1,
R_3G7e5OSdtFbVoHL,Default Response Set,Anonymous,,,104.138.192.122,0,2017-03-30 12:58:24,2017-03-30 12:59:51,1,0,20.28,43,1,4,1,1,,1,,,1,,1,1,,,,20,1,0,16,1,3.00,1,3,,,,,,,,36.007904052734,-80.369697570801,-1,
R_3rPpfL9NpmdsD5O,Default Response Set,Anonymous,,,61.5.80.93,0,2017-03-30 12:58:26,2017-03-30 13:00:07,1,23,0,78,1,2,,1,,1,,1,1,,1,1,,,,15,,,,,,,,1,0,23,1,1,1,3,-6.1743927001953,106.82940673828,-1,
R_TvBvMvdpPClktzP,Default Response Set,Anonymous,,,47.147.184.50,0,2017-03-30 12:59:39,2017-03-30 13:00:17,1,0,24.6,77,1,8,1,,,,,,1,,,1,,,,15,1,0,20,1,3,1,2,,,,,,,,33.828704833984,-118.11689758301,-1,
R_2ZWZtx5UFpKSDVW,Default Response Set,Anonymous,,,75.73.82.53,0,2017-03-30 13:01:48,2017-03-30 13:03:57,1,30,0,40,1,10,1,,,,1,,1,,1,1,,,1,35,,,,,,,,1,7,23,1,1,1,2,44.992294311523,-92.959197998047,-1,
R_12upbfRZewp7X8b,Default Response Set,Anonymous,,,104.35.28.169,0,2017-03-30 13:03:43,2017-03-30 13:04:29,1,26,0,73,1,2,,,,1,,,1,,1,,,,,20,,,,,,,,1,0,26,1,1,1,2,34.147598266602,-117.45809936523,-1,
R_2Y52xRzdsT6KIEd,Default Response Set,Anonymous,,,209.122.6.77,0,2017-03-30 13:03:59,2017-03-30 13:05:47,1,0,20.28,16,1,10,1,1,,,,1,1,,1,1,,,,8,1,0,16,1,3,1,2,,,,,,,,40.645202636719,-75.437400817871,-1,
R_2CjiwwsIU3mFALp,Default Response Set,Anonymous,,,14.194.190.192,0,2017-03-30 13:05:06,2017-03-30 13:08:21,1,32,0,95,1,19,1,1,1,1,1,1,1,,,,1,1,,100,,,,,,,,1,9,23,1,1,1,1,12.983306884766,77.583312988281,-1,
R_1cSUM6kmeDBEzsh,Default Response Set,Anonymous,,,71.63.116.3,0,2017-03-30 13:07:58,2017-03-30 13:09:23,1,0,29.76,4,1,2,,,,1,,,1,,1,,,,,16,1,6,16,1,6,1,2,,,,,,,,37.62109375,-77.651496887207,-1,
R_7aIVdzm0DKKfGSJ,Default Response Set,Anonymous,,,128.104.153.129,0,2017-03-30 13:08:01,2017-03-30 13:13:16,1,32,0,51,1,4,1,1,,,,,1,,1,,,1,,20,,,,,,,,1,9,23,1,1,1,4,43.073104858398,-89.40119934082,-1,
R_1g1QvdCCpBsT1Vn,Default Response Set,Anonymous,,,88.105.117.45,0,2017-03-30 13:13:03,2017-03-30 13:13:20,1,0,38.08,72,1,12,1,,,,,1,,,,1,,,,20,1,8,18,1,10,1,2,,,,,,,,53.449996948242,-2.61669921875,-1,
R_3kGvAxZo9W6dcFg,Default Response Set,Anonymous,,,195.26.22.188,0,2017-03-30 13:12:28,2017-03-30 13:14:01,1,0,39.56,56,1,,,1,,,,,1,,,,,1,1,20,1,12,20,1,5,1,1,,,,,,,,51.75,19.466705322266,-1,
R_2dW0Uu0EcU8P62C,Default Response Set,Anonymous,,,107.12.237.213,0,2017-03-30 13:13:55,2017-03-30 13:15:10,1,33,0,81,1,1,,1,,,,,1,,1,,,,,35,,,,,,,,1,0,33,1,1,1,2,34.900802612305,-76.826202392578,-1,
R_0AkG2RLSTehuOrj,Default Response Set,Anonymous,,,150.212.25.170,0,2017-03-30 13:15:16,2017-03-30 13:16:19,1,26,0,96,1,4,,1,,1,,,1,,1,,,,,15,,,,,,,,1,0,26,1,1,1,3,40.43440246582,-80.024803161621,-1,
R_1gzj4Mh4U7ZgzGv,Default Response Set,Anonymous,,,190.166.47.221,0,2017-03-30 13:14:54,2017-03-30 13:16:29,1,0,36.08,73,1,2,1,1,,,,1,1,,,,,1,1,50,1,6,20,1,8,1,2,,,,,,,,18.466705322266,-69.900001525879,-1,
R_2cbUvXC3tXVK8RQ,Default Response Set,Anonymous,,,103.204.45.128,0,2017-03-30 13:16:45,2017-03-30 13:19:30,1,0,35.92,95,1,6,,,,1,,1,,,,,,,1,3,1,6,18,1,10,1,1,,,,,,,,10.992492675781,76.961395263672,-1,
R_1Cpiop5YjJYKxxr,Default Response Set,Anonymous,,,74.87.69.34,0,2017-03-30 13:16:59,2017-03-30 13:20:12,1,42,0,33,1,11,,1,1,,,,1,,1,1,,,,30,,,,,,,,1,9,33,1,1,1,4,42.973403930664,-88.103103637695,-1,
R_3hlovMSX0FlbqcY,Default Response Set,Anonymous,,,184.68.38.110,0,2017-03-30 13:17:57,2017-03-30 13:20:25,1,40,0,94,1,,1,1,,1,,1,1,,1,1,,1,1,60.00,,,,,,,,1,14,26,1,1,1,1,53.907806396484,-122.74729919434,-1,
R_2U2SQUvBPUS4VPu,Default Response Set,Anonymous,,,66.87.129.160,0,2017-03-30 13:21:59,2017-03-30 13:23:02,1,0,30.08,43,1,2,,,,1,,,1,,,1,,,,25,1,8,18,1,2,1,3,,,,,,,,36.796798706055,-76.176696777344,-1,
R_1gA6QkOcpui8F6W,Default Response Set,Anonymous,,,206.125.51.130,0,2017-03-30 13:23:07,2017-03-30 13:23:54,1,0,30.92,96,1,4,,1,,,,1,,,,,,1,,15,1,6,18,1,5,1,2,,,,,,,,39.959701538086,-75.196800231934,-1,
R_2aFat88xXwPmpxt,Default Response Set,Anonymous,,,108.72.237.88,0,2017-03-30 13:22:45,2017-03-30 13:24:42,1,26,0,29,1,10,1,,,1,,,1,,1,,,,,20,,,,,,,,1,0,26,1,1,1,1,41.692504882812,-86.144798278809,-1,
R_PAr9BRxJXEeN8HL,Default Response Set,Anonymous,,,73.66.219.203,0,2017-03-30 13:24:34,2017-03-30 13:25:01,1,28,0,70,1,8,,,,1,,,1,,,,,1,,20,,,,,,,,1,7,21,1,1,1,2,37.636901855469,-121.01710510254,-1,
R_2wRAfXE7Yj5hUdf,Default Response Set,Anonymous,,,117.249.226.116,0,2017-03-30 13:23:16,2017-03-30 13:25:59,1,0,35.32,76,1,26,1,1,1,1,,1,,1,1,1,1,,,40,1,11,18,1,4,1,1,,,,,,,,11.86669921875,75.365295410156,-1,
R_1remIQNDvnvfVNo,Default Response Set,Anonymous,,,157.51.96.98,0,2017-03-30 13:25:15,2017-03-30 13:27:24,1,23,0,68,1,5,1,,,1,,1,1,,,1,,,,10,,,,,,,,1,0,23,1,1,1,4,20,77,-1,
R_3EMFFqEtTaKKcUn,Default Response Set,Anonymous,,,65.117.180.1,0,2017-03-30 13:25:59,2017-03-30 13:28:13,1,0,20.28,28,1,6,,1,,1,,,1,1,1,1,1,,,12,1,0,16,1,3,1,4,,,,,,,,28.495895385742,-81.238800048828,-1,
R_22K4a727rFtnamU,Default Response Set,Anonymous,,,172.56.28.179,0,2017-03-30 13:30:54,2017-03-30 13:32:43,1,0,31.12,23,1,0,1,,1,,,1,1,,,1,,,,26.00,1,6,18,1,5.20,1,4,,,,,,,,39.954299926758,-75.165702819824,-1,
R_1jpkWeyU31STeNH,Default Response Set,Anonymous,,,157.51.27.26,0,2017-03-30 13:31:13,2017-03-30 13:32:45,1,33,0,99,1,4,,,,1,,,1,,,1,,,,200,,,,,,,,1,0,33,1,1,1,1,13.083297729492,80.283294677734,-1,
R_qw2alg5hzJplB0R,Default Response Set,Anonymous,,,173.48.65.152,0,2017-03-30 13:32:20,2017-03-30 13:33:39,1,0,31.12,7,1,1,,1,,,,,1,1,1,,,,,15,1,0,24,1,5.20,1,1,,,,,,,,42.369903564453,-71.235298156738,-1,
R_2y9Iq4kCt56gNx5,Default Response Set,Anonymous,,,73.204.157.144,0,2017-03-30 13:32:45,2017-03-30 13:33:43,1,31,0,11,1,6,,1,,,,,1,,1,,,,,30,,,,,,,,1,0,31,1,1,1,1,25.60319519043,-80.334701538086,-1,
R_57GqJReUaerLkkN,Default Response Set,Anonymous,,,157.51.28.55,0,2017-03-30 13:34:46,2017-03-30 13:36:27,1,42,0,96,1,14,1,,1,1,,1,,,1,1,,,,24,,,,,,,,1,9,33,1,1,1,2,13.083297729492,80.283294677734,-1,
R_2v0J460kGa5t4rd,Default Response Set,Anonymous,,,171.49.218.251,0,2017-03-30 13:19:40,2017-03-30 13:37:39,1,0,30.16,99,1,10,1,,,1,1,,1,,,,1,,1,12,1,11,16,1,1,1,3,,,,,,,,13.083297729492,80.283294677734,-1,
R_2TFO9B0rY0lXMyx,Default Response Set,Anonymous,,,107.77.229.186,0,2017-03-30 13:36:48,2017-03-30 13:38:00,1,42,0,4,1,2,1,,,,,1,1,,1,,,1,1,40,,,,,,,,1,9,33,1,1,1,2,34.076400756836,-118.26260375977,-1,
R_1NzdkPBPAaM9t7g,Default Response Set,Anonymous,,,70.113.9.187,0,2017-03-30 13:36:25,2017-03-30 13:38:09,1,0,22.44,2,1,4,,,,1,,,1,,,1,,,,10,1,0,18,1,3,1,4,,,,,,,,30.491500854492,-97.754402160645,-1,
R_etvIIQmoalzmtqN,Default Response Set,Anonymous,,,27.62.110.92,0,2017-03-30 13:36:49,2017-03-30 13:38:26,1,45,0,57,1,5,1,1,1,1,,1,,,1,1,1,1,,5,,,,,,,,1,14,31,1,1,1,2,10.804992675781,78.685607910156,-1,
R_SPl1rIdIC90SXnz,Default Response Set,Anonymous,,,27.62.110.92,0,2017-03-30 13:39:05,2017-03-30 13:40:01,1,0,32.32,94,1,15,1,1,1,1,,1,1,1,1,1,1,1,1,10,1,11,18,1,1,1,1,,,,,,,,10.804992675781,78.685607910156,-1,
R_9mm6GQSvTRUeplD,Default Response Set,Anonymous,,,199.227.131.146,0,2017-03-30 13:40:03,2017-03-30 13:40:42,1,21,0,10,1,4,,1,,1,,1,1,1,,1,1,,,20,,,,,,,,1,0,21,1,1,1,2,29.832702636719,-95.662696838379,-1,
R_1jfUiq5r91VBAc1,Default Response Set,Anonymous,,,75.140.206.180,0,2017-03-30 13:41:12,2017-03-30 13:42:05,1,0,31.6,71,1,1,,,,1,,,1,,1,1,,,,12.50,1,0,20,1,10,1,2,,,,,,,,36.704406738281,-76.609703063965,-1,
R_Y9b8UPv1Yz5JYCB,Default Response Set,Anonymous,,,75.172.118.120,0,2017-03-30 13:42:40,2017-03-30 13:43:40,1,23,0,69,1,6,,,,1,,,1,,1,1,,,,20,,,,,,,,1,0,23,1,1,1,3,47.610198974609,-122.30429840088,-1,
R_2OI6HJtWg5yGWf9,Default Response Set,Anonymous,,,144.35.51.167,0,2017-03-30 13:42:35,2017-03-30 13:44:16,1,0,26.6,91,1,5,1,1,,1,,,1,,1,,,,,10.00,1,0,20,1,5.00,1,3,,,,,,,,40.658294677734,-111.92310333252,-1,
R_3RpWoq8cKfA9myr,Default Response Set,Anonymous,,,117.254.125.135,0,2017-03-30 13:39:59,2017-03-30 13:46:00,1,35,0,73,1,30,,,,,1,,1,,,,,1,,5,,,,,,,,1,9,26,1,1,1,1,11.649993896484,78.166687011719,-1,
R_3fI9YPpAls0J2WB,Default Response Set,Anonymous,,,169.149.38.172,0,2017-03-30 13:44:40,2017-03-30 13:46:23,1,0,38.7,2,1,1,1,,,,,,1,,1,,,,,5,1,0,18,1,19.26,1,2,,,,,,,,32.733306884766,74.86669921875,-1,
R_ZFbMJE5d0EzJawx,Default Response Set,Anonymous,,,68.202.25.116,0,2017-03-30 13:45:22,2017-03-30 13:47:37,1,0,42.56,61,1,7,,1,,1,,1,1,,,1,,,1,35,1,12,20,1,8,1,1,,,,,,,,28.016998291016,-80.673599243164,-1,
R_3suaYSurd8WpJW8,Default Response Set,Anonymous,,,112.210.156.218,0,2017-03-30 13:46:30,2017-03-30 13:48:09,1,33,0,2,1,10,1,1,1,1,1,1,1,1,1,1,1,1,,5,,,,,,,,1,7,26,1,1,1,1,14.648803710938,121.05090332031,-1,
R_1oo3w8SIZTQ7z3l,Default Response Set,Anonymous,,,73.36.133.61,0,2017-03-30 13:49:38,2017-03-30 13:51:18,1,0,34.16,44,1,16,1,1,,1,,1,1,,1,1,,,,30,1,11,16,1,5,1,1,,,,,,,,41.191604614258,-87.855499267578,-1,
R_sXXXYn8F89hStO1,Default Response Set,Anonymous,,,59.89.240.83,0,2017-03-30 13:49:51,2017-03-30 13:51:20,1,30,0,94,1,26,1,,,1,,,1,,1,,,,1,10,,,,,,,,1,9,21,1,1,1,2,10.992492675781,76.961395263672,-1,
R_1MXucQEyxkLylDj,Default Response Set,Anonymous,,,107.192.41.205,0,2017-03-30 13:50:59,2017-03-30 13:52:16,1,23,0,66,1,7,1,,1,1,1,1,1,,1,1,,1,1,15.00,,,,,,,,1,0,23,1,1,1,4,42.97770690918,-85.710998535156,-1,
R_ZIRNIXrV5YaA6Ln,Default Response Set,Anonymous,,,99.253.150.239,0,2017-03-30 13:53:36,2017-03-30 13:54:55,1,0,22.44,68,1,3,1,,,,,1,1,,1,1,,,,50,1,0,18,1,3,1,2,,,,,,,,43.447006225586,-80.472503662109,-1,
R_1BTr5EzC8OZzkLD,Default Response Set,Anonymous,,,76.106.222.118,0,2017-03-30 13:54:19,2017-03-30 13:55:45,1,21,0,40,1,10,,,,1,,1,1,,1,1,,,,65,,,,,,,,1,0,21,1,1,1,2,30.068893432617,-81.562103271484,-1,
R_6scib3wWhvDXZyF,Default Response Set,Anonymous,,,198.24.228.2,0,2017-03-30 13:58:25,2017-03-30 13:59:43,1,0,36.32,10,1,5,1,,,1,,,1,,1,,1,,,40,1,11,18,1,5,1,4,,,,,,,,34.154006958008,-118.49819946289,-1,
R_3lX3RGHL61Oh0ts,Default Response Set,Anonymous,,,103.6.159.129,0,2017-03-30 13:58:16,2017-03-30 13:59:56,1,0,35.4,82,1,4,1,,1,,1,1,1,,1,1,,,1,200,1,12,18,1,3,1,2,,,,,,,,12.983306884766,77.583312988281,-1,
R_22o7yugxviD73oP,Default Response Set,Anonymous,,,74.114.36.65,0,2017-03-30 13:58:59,2017-03-30 14:00:16,1,26,0,39,1,8,1,1,1,,,1,1,,1,1,,,,15,,,,,,,,1,0,26,1,1,1,2,38.783905029297,-90.481201171875,-1,
R_28UJ1CbcUfQ1XFl,Default Response Set,Anonymous,,,103.6.159.129,0,2017-03-30 13:59:58,2017-03-30 14:00:54,1,35,0,80,1,3,,,,1,,1,1,1,,1,,,1,200,,,,,,,,1,12,23,1,1,1,3,12.983306884766,77.583312988281,-1,
R_1jiDZIGOekTsmdN,Default Response Set,Anonymous,,,45.115.189.103,0,2017-03-30 13:59:41,2017-03-30 14:02:06,1,0,39.38,66,1,18,1,1,,,,1,1,,,1,,,,20,1,11,25,1,.50,1,2,,,,,,,,28.570007324219,77.320007324219,-1,
R_2dnEmiDiaDaFKdT,Default Response Set,Anonymous,,,47.148.160.150,0,2017-03-30 14:02:52,2017-03-30 14:04:34,1,0,45.24,76,1,6,1,1,,1,,,1,1,1,,,,,35,1,12,16,1,15,1,2,,,,,,,,34.027297973633,-117.58779907227,-1,
R_25LeoT409x8COuK,Default Response Set,Anonymous,,,47.148.160.150,0,2017-03-30 14:04:18,2017-03-30 14:05:09,1,28,0,40,1,8,,,,1,,,1,1,,,,1,,45,,,,,,,,1,7,21,1,1,1,2,34.027297973633,-117.58779907227,-1,
R_3eeSiVQNBkqjABu,Default Response Set,Anonymous,,,94.59.170.23,0,2017-03-30 14:07:30,2017-03-30 14:08:46,1,23,0,44,1,3,,1,,1,,1,1,1,1,1,,,,15,,,,,,,,1,0,23,1,1,1,2,25.357299804688,55.403305053711,-1,
R_Rt9ik9rBTtfKY13,Default Response Set,Anonymous,,,107.77.204.110,0,2017-03-30 14:08:09,2017-03-30 14:09:49,1,0,36.24,2,1,6,,,,,1,1,1,,,,,,1,20,1,8,20,1,6,1,2,,,,,,,,38.893295288086,-77.014602661133,-1,
R_2BaJjeuwq8RYson,Default Response Set,Anonymous,,,68.50.83.253,0,2017-03-30 14:10:26,2017-03-30 14:12:54,1,0,20.16,66,1,12,,1,,1,,,1,,1,,,,,10,1,0,16,1,2.88,1,4,,,,,,,,39.192306518555,-86.020698547363,-1,
R_dmKZinfEpt3mVq1,Default Response Set,Anonymous,,,184.89.164.187,0,2017-03-30 14:12:41,2017-03-30 14:14:22,1,26,0,82,1,8,1,1,,1,,,1,,1,1,,,,18,,,,,,,,1,0,26,1,1,1,2,28.665298461914,-81.418800354004,-1,
R_UWkdZuLRi06w4sp,Default Response Set,Anonymous,,,205.156.136.229,0,2017-03-30 14:13:53,2017-03-30 14:15:18,1,0,29.92,40,1,6,,1,,1,,1,1,,1,,1,,,35,1,0,24,1,4,1,1,,,,,,,,41.600494384766,-93.609100341797,-1,
R_1d4FzxKgF3TM5G5,Default Response Set,Anonymous,,,70.44.52.191,0,2017-03-30 14:16:24,2017-03-30 14:17:31,1,26,0,74,1,5,1,,,1,,,1,,1,,,1,,25,,,,,,,,1,0,26,1,1,1,3,40.985900878906,-74.74210357666,-1,
R_Qctdfl2yMugRXMJ,Default Response Set,Anonymous,,,186.167.248.38,0,2017-03-30 14:16:51,2017-03-30 14:18:55,1,0,68.8,2,1,9,1,1,1,1,1,,1,,,,1,1,1,30,1,12,20,1,34.24,1,2,,,,,,,,10.5,-66.916702270508,-1,
R_3mlWgB38PpnoJiF,Default Response Set,Anonymous,,,189.135.142.77,0,2017-03-30 14:18:01,2017-03-30 14:19:49,1,37,0,57,1,14,1,,,1,,1,1,1,,1,,1,1,170,,,,,,,,1,14,23,1,1,1,1,19.69580078125,-102.5286026001,-1,
R_3HAhI3c3xbC8lEu,Default Response Set,Anonymous,,,71.203.7.33,0,2017-03-30 14:19:01,2017-03-30 14:20:42,1,26,0,74,1,5,,,,1,,,1,,1,,,,,10,,,,,,,,1,0,26,1,1,1,4,26.977203369141,-82.155403137207,-1,
R_2eRNrMzTgf6k4ig,Default Response Set,Anonymous,,,192.198.253.242,0,2017-03-30 14:21:35,2017-03-30 14:22:41,1,0,28.76,60,1,9,1,,,,,,1,,1,,,1,,30,1,6,16,1,5,1,4,,,,,,,,32.929901123047,-96.835296630859,-1,
R_1QoVS8thL5vIi9c,Default Response Set,Anonymous,,,173.49.137.73,0,2017-03-30 14:23:26,2017-03-30 14:25:07,1,40,0,59,1,12,1,1,1,1,1,1,1,1,,1,1,1,,18,,,,,,,,1,7,33,1,1,1,2,40.615203857422,-75.543701171875,-1,
R_3m7t5znrpvl9em5,Default Response Set,Anonymous,,,47.184.61.56,0,2017-03-30 14:29:09,2017-03-30 14:30:18,1,0,33,88,1,6,,1,,,,,1,,,,,,1,25,1,0,25,1,6.00,1,2,,,,,,,,33.034103393555,-96.870498657227,-1,
R_25TOODhsY3LpV2M,Default Response Set,Anonymous,,,122.178.86.11,0,2017-03-30 14:31:46,2017-03-30 14:34:23,1,0,34.4,6,1,12,,,,1,,1,1,,1,1,,,1,200,1,12,18,1,2,1,2,,,,,,,,10.992492675781,76.961395263672,-1,
R_Z8lkrdurkYwB51D,Default Response Set,Anonymous,,,12.167.75.11,0,2017-03-30 14:32:44,2017-03-30 14:34:53,1,21,0,17,1,7,1,1,,1,,1,1,,1,1,,1,,20,,,,,,,,1,0,21,1,1,1,2,38.956298828125,-94.583801269531,-1,
R_r9IBILUUvM37FZL,Default Response Set,Anonymous,,,174.79.215.34,0,2017-03-30 14:33:27,2017-03-30 14:35:08,1,37,0,26,1,2,,1,,1,,1,,,1,1,,1,1,25.00,,,,,,,,1,14,23,1,1,1,2,36.060699462891,-95.806396484375,-1,
R_2CJK2tzcHfWDd8B,Default Response Set,Anonymous,,,68.229.188.198,0,2017-03-30 14:37:21,2017-03-30 14:39:00,1,0,25.6,26,1,2,,1,,1,,,1,,1,,,,,18,1,0,20,1,4,1,2,,,,,,,,41.117202758789,-96.061096191406,-1,
R_sMd1mPiefyFp9bX,Default Response Set,Anonymous,,,196.102.20.44,0,2017-03-30 14:37:49,2017-03-30 14:39:01,1,32,0,54,1,12,1,,,1,,1,1,1,,,1,1,,50,,,,,,,,1,9,23,1,1,1,1,1,38,-1,
R_1n1QMFLiBEkIYRU,Default Response Set,Anonymous,,,94.67.108.195,0,2017-03-30 14:38:44,2017-03-30 14:40:26,1,0,38.48,13,1,4,,1,1,,,,1,1,,1,,1,1,15,1,11,20,1,5,1,4,,,,,,,,40.64030456543,22.943893432617,-1,
R_vAEFK9ApXDGSbwl,Default Response Set,Anonymous,,,66.68.248.244,0,2017-03-30 14:39:47,2017-03-30 14:41:08,1,0,32.24,77,1,5,1,1,,1,,1,1,1,1,,,,1,30,1,12,16,1,2.00,1,1,,,,,,,,26.275894165039,-98.233001708984,-1,
R_1dMEJjly4UJ4rOn,Default Response Set,Anonymous,,,107.196.48.255,0,2017-03-30 14:38:48,2017-03-30 14:41:15,1,35,0,96,1,5,1,1,1,1,,1,1,1,1,,1,,1,30.00,,,,,,,,1,12,23,1,1,1,2,29.790802001953,-95.109100341797,-1,
R_21b50sWxLMJhXe4,Default Response Set,Anonymous,,,23.25.74.9,0,2017-03-30 14:44:31,2017-03-30 14:46:11,1,0,30.92,63,1,7,1,,,,1,,1,,1,,,1,,15,1,0,24,1,5,1,4,,,,,,,,40.430999755859,-79.922698974609,-1,
R_3ozFXKuYyHz8OPt,Default Response Set,Anonymous,,,173.59.60.133,0,2017-03-30 14:42:35,2017-03-30 14:46:37,1,38,0,83,1,2,1,1,,,,,1,,1,,1,1,1,20,,,,,,,,1,7,31,1,1,1,4,40.040893554688,-75.637397766113,-1,
R_2wMlIOR5kH5AhLU,Default Response Set,Anonymous,,,68.56.204.154,0,2017-03-30 14:45:26,2017-03-30 14:46:41,1,23,0,8,1,2,,1,,1,,,1,,1,1,,,,15,,,,,,,,1,0,23,1,1,1,4,43.248596191406,-86.138298034668,-1,
R_9XjChTQrrFYDIRz,Default Response Set,Anonymous,,,201.211.251.235,0,2017-03-30 14:42:27,2017-03-30 14:47:13,1,0,38.48,76,1,5,,1,,1,,,1,,,,,1,,15,1,6,25,1,5,1,3,,,,,,,,10.20329284668,-71.309997558594,-1,
R_1mgxzqEZNuR3qyV,Default Response Set,Anonymous,,,73.163.4.174,0,2017-03-30 14:49:39,2017-03-30 14:52:04,1,0,50.36,84,1,3,,1,,1,,1,1,,,1,,,1,25,1,11,25,1,11.48,1,4,,,,,,,,39.175796508789,-76.729797363281,-1,
R_pfSKlQHuQN0DLc5,Default Response Set,Anonymous,,,103.73.226.214,0,2017-03-30 14:50:03,2017-03-30 14:53:09,1,32,0,5,1,6,1,1,,1,1,,1,,1,1,,1,1,120,,,,,,,,1,9,23,1,1,1,2,23.791595458984,90.415191650391,-1,
R_eLF9ey8b4cMys3T,Default Response Set,Anonymous,,,106.51.27.34,0,2017-03-30 14:53:08,2017-03-30 14:54:17,1,0,34.08,12,1,10,1,1,,,,,1,,,,,1,,70,1,6,20,1,6,1,1,,,,,,,,12.983306884766,77.583312988281,-1,
R_2Qs9jxSwjbWbtrS,Default Response Set,Anonymous,,,190.36.221.156,0,2017-03-30 15:02:30,2017-03-30 15:05:03,1,45,0,54,1,12,1,,1,,1,1,1,1,1,,,,1,35,,,,,,,,1,14,31,1,1,1,2,10.121704101562,-66.771697998047,-1,
